range_server,time_redirect,time_namelookup,time_total,local_ip,local_port,time_connect,time_pretransfer,speed_upload,range_transfer,remote_port,range_dns,time_starttransfer,range_ssl,speed_download,range_connection,time_appconnect,target,remote_ip
58,0,11,169,172.31.75.40,45522,19,80,0,31,443,11,138,61,2465577,8,80,cloudflare,188.114.96.1
52,0,5,143,172.31.75.40,45524,13,67,0,24,443,5,119,54,2917537,8,67,cloudflare,188.114.96.1
47,0,7,142,172.31.75.40,45540,14,67,0,28,443,7,114,53,2935746,7,67,cloudflare,188.114.96.1
62,0,5,157,172.31.75.40,45552,13,67,0,28,443,5,129,54,2656676,8,67,cloudflare,188.114.96.1
64,0,5,165,172.31.75.40,45558,12,67,0,34,443,5,131,55,2531549,7,67,cloudflare,188.114.96.1
55,0,6,151,172.31.75.40,45572,14,67,0,29,443,6,122,53,2771503,8,67,cloudflare,188.114.96.1
52,0,6,146,172.31.75.40,45588,13,68,0,26,443,6,120,55,2865890,7,68,cloudflare,188.114.96.1
54,0,7,157,172.31.75.40,45594,15,75,0,28,443,7,129,60,2665217,8,75,cloudflare,188.114.96.1
46,0,7,146,172.31.75.40,45602,14,69,0,31,443,7,115,55,2864517,7,69,cloudflare,188.114.96.1
59,0,7,156,172.31.75.40,45608,14,68,0,29,443,7,127,54,2671544,7,68,cloudflare,188.114.96.1
52,0,8,147,172.31.75.40,45624,15,70,0,25,443,8,122,55,2834514,7,69,cloudflare,188.114.96.1
80,0,6,178,172.31.75.40,45636,14,67,0,31,443,6,147,53,2346050,8,67,cloudflare,188.114.96.1
46,0,8,149,172.31.75.40,45652,15,77,0,26,443,8,123,62,2803349,7,77,cloudflare,188.114.96.1
55,0,7,151,172.31.75.40,45664,14,67,0,29,443,7,122,53,2761121,7,67,cloudflare,188.114.96.1
55,0,6,149,172.31.75.40,45678,13,66,0,28,443,6,121,53,2800461,7,66,cloudflare,188.114.96.1
54,0,6,146,172.31.75.40,45690,13,67,0,25,443,6,121,54,2859255,7,67,cloudflare,188.114.96.1
51,0,6,144,172.31.75.40,45706,13,67,0,26,443,6,118,54,2902106,7,66,cloudflare,188.114.96.1
39,0,5,129,172.31.75.40,45714,13,64,0,26,443,5,103,51,3224565,8,64,cloudflare,188.114.96.1
95,0,6,193,172.31.75.40,45728,13,70,0,28,443,6,165,57,2161257,7,70,cloudflare,188.114.96.1
53,0,7,153,172.31.75.40,45736,15,68,0,32,443,7,121,53,2731308,8,68,cloudflare,188.114.96.1
93,0,6,185,172.31.75.40,45742,13,64,0,28,443,6,157,51,2257496,7,64,cloudflare,188.114.96.1
41,0,6,135,172.31.75.40,45744,13,66,0,28,443,6,107,53,3078617,7,66,cloudflare,188.114.96.1
73,0,6,173,172.31.75.40,45748,15,69,0,31,443,6,142,54,2413303,9,69,cloudflare,188.114.96.1
52,0,6,150,172.31.75.40,41144,13,68,0,30,443,6,120,55,2777571,7,68,cloudflare,188.114.96.1
95,0,6,186,172.31.75.40,41156,14,66,0,25,443,6,161,52,2240438,8,66,cloudflare,188.114.96.1
51,0,5,144,172.31.75.40,41168,13,62,0,31,443,5,113,49,2901905,8,62,cloudflare,188.114.96.1
60,0,7,161,172.31.75.40,41176,14,68,0,33,443,7,128,54,2595135,7,68,cloudflare,188.114.96.1
49,0,5,145,172.31.75.40,41182,13,66,0,30,443,5,115,53,2882623,8,66,cloudflare,188.114.96.1
51,0,7,147,172.31.75.40,41188,14,67,0,29,443,7,118,53,2835071,7,67,cloudflare,188.114.96.1
60,0,6,159,172.31.75.40,41200,13,66,0,33,443,6,126,53,2628372,7,66,cloudflare,188.114.96.1
48,0,7,138,172.31.75.40,41210,15,65,0,25,443,7,113,50,3018834,8,65,cloudflare,188.114.96.1
56,0,7,153,172.31.75.40,41222,15,69,0,28,443,7,125,54,2723791,8,69,cloudflare,188.114.96.1
81,0,7,182,172.31.75.40,41238,14,69,0,32,443,7,150,55,2289746,7,68,cloudflare,188.114.96.1
56,0,7,155,172.31.75.40,41252,15,69,0,30,443,7,125,54,2692124,8,69,cloudflare,188.114.96.1
47,0,7,146,172.31.75.40,41266,15,69,0,30,443,7,116,54,2851951,8,69,cloudflare,188.114.96.1
46,0,6,140,172.31.75.40,41278,14,70,0,24,443,6,116,56,2976107,8,70,cloudflare,188.114.96.1
60,0,6,151,172.31.75.40,41280,13,67,0,24,443,6,127,54,2771411,7,67,cloudflare,188.114.96.1
53,0,7,146,172.31.75.40,41284,14,69,0,24,443,7,122,55,2852533,7,69,cloudflare,188.114.96.1
52,0,6,146,172.31.75.40,41298,13,68,0,26,443,6,120,55,2865380,7,68,cloudflare,188.114.96.1
41,0,6,131,172.31.75.40,41314,14,65,0,25,443,6,106,51,3190700,8,65,cloudflare,188.114.96.1
49,0,6,143,172.31.75.40,41322,12,63,0,31,443,6,112,51,2909023,6,63,cloudflare,188.114.96.1
67,0,7,160,172.31.75.40,41324,14,67,0,26,443,7,134,53,2608881,7,67,cloudflare,188.114.96.1
49,0,6,142,172.31.75.40,41326,13,67,0,26,443,6,116,54,2942886,7,67,cloudflare,188.114.96.1
63,0,7,158,172.31.75.40,41342,14,67,0,28,443,7,130,53,2644493,7,67,cloudflare,188.114.96.1
49,0,5,147,172.31.75.40,41354,13,66,0,32,443,5,115,53,2841749,8,66,cloudflare,188.114.96.1
49,0,7,145,172.31.75.40,41356,14,68,0,28,443,7,117,54,2872970,7,68,cloudflare,188.114.96.1
57,0,6,156,172.31.75.40,41358,14,67,0,32,443,6,124,53,2675693,8,67,cloudflare,188.114.96.1
58,0,6,153,172.31.75.40,41364,13,68,0,27,443,6,126,55,2729189,7,68,cloudflare,188.114.96.1
69,0,7,172,172.31.75.40,41380,15,70,0,33,443,7,139,55,2432414,8,69,cloudflare,188.114.96.1
54,0,6,150,172.31.75.40,41382,13,66,0,30,443,6,120,53,2784906,7,66,cloudflare,188.114.96.1
74,0,8,172,172.31.75.40,41388,15,69,0,29,443,8,143,54,2430352,7,69,cloudflare,188.114.96.1
53,0,6,146,172.31.75.40,41402,13,66,0,27,443,6,119,53,2866812,7,66,cloudflare,188.114.96.1
54,0,6,156,172.31.75.40,41410,13,70,0,32,443,6,124,57,2669704,7,70,cloudflare,188.114.96.1
58,0,6,152,172.31.75.40,41414,14,70,0,24,443,6,128,56,2745494,8,70,cloudflare,188.114.96.1
54,0,8,149,172.31.75.40,41422,17,69,0,26,443,8,123,52,2791740,9,69,cloudflare,188.114.96.1
48,0,6,148,172.31.75.40,41440,14,70,0,30,443,6,118,56,2812162,8,70,cloudflare,188.114.96.1
58,0,6,148,172.31.75.40,41454,14,69,0,21,443,6,127,55,2810821,8,69,cloudflare,188.114.96.1
55,0,6,145,172.31.75.40,41466,13,67,0,23,443,6,122,54,2870744,7,67,cloudflare,188.114.96.1
93,0,5,190,172.31.75.40,41472,13,67,0,30,443,5,160,54,2203377,8,67,cloudflare,188.114.96.1
61,0,5,167,172.31.75.40,41482,13,68,0,38,443,5,129,55,2504921,8,68,cloudflare,188.114.96.1
66,0,7,166,172.31.75.40,41496,14,69,0,31,443,7,135,55,2514610,7,69,cloudflare,188.114.96.1
61,0,8,151,172.31.75.40,41504,15,66,0,24,443,8,127,51,2758810,7,66,cloudflare,188.114.96.1
49,0,7,140,172.31.75.40,41508,14,68,0,23,443,7,117,54,2982021,7,68,cloudflare,188.114.96.1
71,0,7,170,172.31.75.40,41522,14,69,0,30,443,7,140,55,2453138,7,69,cloudflare,188.114.96.1
46,0,8,136,172.31.75.40,41538,15,67,0,23,443,8,113,52,3070961,7,67,cloudflare,188.114.96.1
50,0,6,144,172.31.75.40,41546,13,66,0,28,443,6,116,53,2893801,7,66,cloudflare,188.114.96.1
59,0,6,156,172.31.75.40,41548,14,67,0,30,443,6,126,53,2670180,8,67,cloudflare,188.114.96.1
64,0,7,167,172.31.75.40,41554,14,71,0,32,443,7,135,57,2501583,7,71,cloudflare,188.114.96.1
41,0,5,141,172.31.75.40,41558,12,67,0,33,443,5,108,55,2968889,7,67,cloudflare,188.114.96.1
73,0,8,175,172.31.75.40,41560,15,71,0,31,443,8,144,56,2383664,7,71,cloudflare,188.114.96.1
60,0,6,159,172.31.75.40,41562,13,68,0,31,443,6,128,55,2618836,7,68,cloudflare,188.114.96.1
67,0,7,158,172.31.75.40,41568,14,64,0,27,443,7,131,50,2639125,7,64,cloudflare,188.114.96.1
49,0,7,147,172.31.75.40,41576,14,67,0,31,443,7,116,53,2842115,7,67,cloudflare,188.114.96.1
58,0,6,148,172.31.75.40,41588,14,69,0,21,443,6,127,55,2813220,8,69,cloudflare,188.114.96.1
56,0,5,149,172.31.75.40,41594,13,65,0,28,443,5,121,52,2807824,8,65,cloudflare,188.114.96.1
72,0,6,188,172.31.75.40,41610,13,67,0,49,443,6,139,54,2219262,7,66,cloudflare,188.114.96.1
62,0,6,155,172.31.75.40,59634,13,68,0,25,443,6,130,55,2686079,7,68,cloudflare,188.114.96.1
48,0,5,144,172.31.75.40,59638,13,65,0,31,443,5,113,52,2905288,8,65,cloudflare,188.114.96.1
45,0,6,134,172.31.75.40,59652,13,64,0,25,443,6,109,51,3114529,7,64,cloudflare,188.114.96.1
51,0,10,149,172.31.75.40,59658,18,73,0,25,443,10,124,55,2806713,8,73,cloudflare,188.114.96.1
41,0,7,142,172.31.75.40,59662,14,65,0,36,443,7,106,51,2935169,7,65,cloudflare,188.114.96.1
45,0,6,143,172.31.75.40,59672,13,65,0,33,443,6,110,52,2913172,7,65,cloudflare,188.114.96.1
47,0,8,138,172.31.75.40,59682,16,68,0,23,443,8,115,52,3027238,8,68,cloudflare,188.114.96.1
54,0,7,152,172.31.75.40,59690,14,67,0,31,443,7,121,53,2745548,7,67,cloudflare,188.114.96.1
78,0,6,172,172.31.75.40,59698,14,69,0,25,443,6,147,55,2421636,8,69,cloudflare,188.114.96.1
49,0,7,142,172.31.75.40,59710,14,67,0,26,443,7,116,53,2940571,7,67,cloudflare,188.114.96.1
44,0,7,136,172.31.75.40,59724,14,65,0,27,443,7,109,51,3068508,7,65,cloudflare,188.114.96.1
45,0,7,130,172.31.75.40,59740,14,64,0,21,443,7,109,50,3199429,7,64,cloudflare,188.114.96.1
56,0,7,145,172.31.75.40,59744,15,68,0,21,443,7,124,53,2871827,8,68,cloudflare,188.114.96.1
50,0,7,144,172.31.75.40,59758,14,69,0,25,443,7,119,55,2895763,7,69,cloudflare,188.114.96.1
117,0,5,205,172.31.75.40,59772,13,64,0,24,443,5,181,51,2037746,8,64,cloudflare,188.114.96.1
59,0,6,151,172.31.75.40,59784,13,66,0,26,443,6,125,53,2762013,7,66,cloudflare,188.114.96.1
50,0,6,133,172.31.75.40,59788,14,62,0,21,443,6,112,48,3141498,8,62,cloudflare,188.114.96.1
66,0,6,158,172.31.75.40,59794,14,66,0,26,443,6,132,52,2643190,8,66,cloudflare,188.114.96.1
68,0,5,161,172.31.75.40,59796,13,65,0,28,443,5,133,52,2595794,8,65,cloudflare,188.114.96.1
43,0,6,137,172.31.75.40,59810,14,69,0,25,443,6,112,55,3054783,8,69,cloudflare,188.114.96.1
48,0,6,137,172.31.75.40,59818,13,68,0,21,443,6,116,55,3047889,7,68,cloudflare,188.114.96.1
36,0,6,128,172.31.75.40,59830,13,62,0,30,443,6,98,49,3248535,7,62,cloudflare,188.114.96.1
51,0,7,145,172.31.75.40,59838,14,69,0,25,443,7,120,55,2877077,7,69,cloudflare,188.114.96.1
52,0,7,146,172.31.75.40,59854,16,67,0,27,443,7,119,51,2852611,9,67,cloudflare,188.114.96.1
62,0,6,156,172.31.75.40,59864,14,66,0,28,443,6,128,52,2673830,8,66,cloudflare,188.114.96.1
52,0,6,147,172.31.75.40,59866,14,69,0,26,443,6,121,55,2832865,8,69,cloudflare,188.114.96.1
57,0,7,145,172.31.75.40,59880,14,68,0,20,443,7,125,54,2877749,7,68,cloudflare,188.114.96.1
47,0,6,149,172.31.75.40,59894,15,68,0,34,443,6,115,53,2799431,9,68,cloudflare,188.114.96.1
48,0,7,142,172.31.75.40,59906,14,69,0,25,443,7,117,55,2927759,7,69,cloudflare,188.114.96.1
47,0,7,144,172.31.75.40,59916,14,69,0,28,443,7,116,55,2888251,7,69,cloudflare,188.114.96.1
39,0,6,132,172.31.75.40,59920,13,64,0,29,443,6,103,51,3158420,7,64,cloudflare,188.114.96.1
48,0,8,151,172.31.75.40,59930,15,71,0,32,443,8,119,56,2754617,7,71,cloudflare,188.114.96.1
52,0,5,139,172.31.75.40,59946,13,65,0,22,443,5,117,52,3004384,8,65,cloudflare,188.114.96.1
73,0,7,172,172.31.75.40,59948,15,68,0,31,443,7,141,53,2420418,8,68,cloudflare,188.114.96.1
58,0,6,157,172.31.75.40,59952,13,69,0,30,443,6,127,56,2656440,7,69,cloudflare,188.114.96.1
75,0,6,164,172.31.75.40,59968,14,64,0,25,443,6,139,50,2545448,8,64,cloudflare,188.114.96.1
54,0,7,153,172.31.75.40,59982,14,69,0,30,443,7,123,55,2724359,7,69,cloudflare,188.114.96.1
56,0,6,151,172.31.75.40,59990,13,66,0,29,443,6,122,53,2764074,7,66,cloudflare,188.114.96.1
58,0,5,150,172.31.75.40,59998,13,66,0,26,443,5,124,53,2787706,8,66,cloudflare,188.114.96.1
56,0,6,146,172.31.75.40,60000,13,66,0,24,443,6,122,53,2851407,7,66,cloudflare,188.114.96.1
58,0,8,143,172.31.75.40,60004,15,63,0,22,443,8,121,48,2914653,7,63,cloudflare,188.114.96.1
88,0,6,232,172.31.75.40,60020,13,66,0,78,443,6,154,53,1800116,7,66,cloudflare,188.114.96.1
42,0,7,143,172.31.75.40,60028,15,70,0,31,443,7,112,55,2914714,8,70,cloudflare,188.114.96.1
52,0,13,154,172.31.75.40,60044,20,73,0,29,443,13,125,53,2708619,7,73,cloudflare,188.114.96.1
49,0,7,140,172.31.75.40,60052,14,64,0,27,443,7,113,50,2984679,7,64,cloudflare,188.114.96.1
36,0,7,132,172.31.75.40,60068,15,64,0,32,443,7,100,49,3161211,8,64,cloudflare,188.114.96.1
61,0,6,156,172.31.75.40,60074,14,64,0,31,443,6,125,50,2675419,8,64,cloudflare,188.114.96.1
50,0,7,139,172.31.75.40,60078,14,65,0,24,443,7,115,51,2995206,7,65,cloudflare,188.114.96.1
61,0,7,158,172.31.75.40,60094,14,70,0,27,443,7,131,56,2636947,7,70,cloudflare,188.114.96.1
39,0,6,129,172.31.75.40,60098,15,68,0,22,443,6,107,53,3232981,9,68,cloudflare,188.114.96.1
55,0,6,150,172.31.75.40,60106,14,64,0,31,443,6,119,50,2777460,8,64,cloudflare,188.114.96.1
42,0,6,132,172.31.75.40,60122,13,65,0,25,443,6,107,52,3160495,7,65,cloudflare,188.114.96.1
52,0,7,144,172.31.75.40,60134,14,69,0,23,443,7,121,55,2899975,7,69,cloudflare,188.114.96.1
50,0,6,152,172.31.75.40,60148,14,71,0,31,443,6,121,57,2746233,8,71,cloudflare,188.114.96.1
43,0,6,139,172.31.75.40,57036,13,66,0,30,443,6,109,53,2992851,7,66,cloudflare,188.114.96.1
48,0,7,152,172.31.75.40,57050,15,70,0,34,443,7,118,55,2744990,8,70,cloudflare,188.114.96.1
56,0,7,151,172.31.75.40,57052,14,69,0,26,443,7,125,55,2759719,7,69,cloudflare,188.114.96.1
50,0,7,142,172.31.75.40,57064,15,67,0,25,443,7,117,52,2945225,8,67,cloudflare,188.114.96.1
47,0,7,148,172.31.75.40,57068,15,70,0,31,443,7,117,55,2812180,8,70,cloudflare,188.114.96.1
39,0,6,140,172.31.75.40,57080,13,66,0,35,443,6,105,53,2990392,7,66,cloudflare,188.114.96.1
44,0,7,142,172.31.75.40,57096,14,67,0,31,443,7,111,53,2934017,7,67,cloudflare,188.114.96.1
67,0,7,163,172.31.75.40,57110,14,69,0,27,443,7,136,55,2556952,7,69,cloudflare,188.114.96.1
45,0,7,136,172.31.75.40,57118,16,67,0,24,443,7,112,51,3057750,9,67,cloudflare,188.114.96.1
52,0,6,151,172.31.75.40,57120,13,68,0,31,443,6,120,55,2755251,7,68,cloudflare,188.114.96.1
42,0,7,132,172.31.75.40,57132,14,65,0,25,443,7,107,51,3151786,7,65,cloudflare,188.114.96.1
60,0,6,157,172.31.75.40,57146,15,69,0,28,443,6,129,54,2655446,9,69,cloudflare,188.114.96.1
65,0,6,154,172.31.75.40,57148,13,67,0,22,443,6,132,54,2703703,7,67,cloudflare,188.114.96.1
42,0,8,133,172.31.75.40,57156,15,66,0,25,443,8,108,51,3147048,7,66,cloudflare,188.114.96.1
50,0,5,136,172.31.75.40,57162,13,64,0,22,443,5,114,51,3076241,8,64,cloudflare,188.114.96.1
47,0,6,133,172.31.75.40,57176,13,63,0,23,443,6,110,50,3131441,7,63,cloudflare,188.114.96.1
74,0,6,169,172.31.75.40,57178,13,63,0,32,443,6,137,50,2473910,7,63,cloudflare,188.114.96.1
52,0,7,146,172.31.75.40,57192,14,65,0,29,443,7,117,51,2848148,7,65,cloudflare,188.114.96.1
55,0,8,143,172.31.75.40,57204,14,66,0,22,443,8,121,52,2920224,6,66,cloudflare,188.114.96.1
62,0,6,155,172.31.75.40,57220,13,70,0,23,443,6,132,57,2683737,7,70,cloudflare,188.114.96.1
47,0,7,149,172.31.75.40,57224,19,73,0,29,443,7,120,54,2798570,12,73,cloudflare,188.114.96.1
41,0,7,130,172.31.75.40,57226,14,63,0,26,443,7,104,49,3208280,7,63,cloudflare,188.114.96.1
57,0,6,156,172.31.75.40,57230,14,68,0,31,443,6,125,54,2671833,8,68,cloudflare,188.114.96.1
46,0,7,135,172.31.75.40,57236,15,67,0,22,443,7,113,52,3091164,8,67,cloudflare,188.114.96.1
52,0,7,155,172.31.75.40,57240,15,69,0,34,443,7,121,54,2694151,8,69,cloudflare,188.114.96.1
42,0,6,133,172.31.75.40,57242,14,67,0,24,443,6,109,53,3126087,8,67,cloudflare,188.114.96.1
72,0,6,171,172.31.75.40,57258,14,67,0,32,443,6,139,53,2437455,8,67,cloudflare,188.114.96.1
54,0,19,158,172.31.75.40,57260,26,77,0,27,443,19,131,51,2638094,7,77,cloudflare,188.114.96.1
64,0,6,164,172.31.75.40,57268,15,70,0,30,443,6,134,55,2547880,9,70,cloudflare,188.114.96.1
39,0,8,139,172.31.75.40,57274,15,68,0,32,443,8,107,53,3009286,7,68,cloudflare,188.114.96.1
43,0,6,132,172.31.75.40,57284,13,64,0,25,443,6,107,51,3152498,7,64,cloudflare,188.114.96.1
53,0,10,154,172.31.75.40,57294,17,70,0,31,443,10,123,53,2717903,7,70,cloudflare,188.114.96.1
48,0,7,147,172.31.75.40,57310,14,67,0,32,443,7,115,53,2838319,7,67,cloudflare,188.114.96.1
47,0,6,149,172.31.75.40,57324,13,72,0,30,443,6,119,59,2804757,7,72,cloudflare,188.114.96.1
73,0,7,162,172.31.75.40,57330,14,65,0,24,443,7,138,51,2570690,7,65,cloudflare,188.114.96.1
60,0,8,162,172.31.75.40,57342,14,71,0,31,443,8,131,57,2571559,6,71,cloudflare,188.114.96.1
52,0,5,141,172.31.75.40,57352,12,66,0,23,443,5,118,54,2948627,7,66,cloudflare,188.114.96.1
44,0,7,136,172.31.75.40,57364,14,66,0,26,443,7,110,52,3072404,7,66,cloudflare,188.114.96.1
43,0,7,145,172.31.75.40,57368,15,70,0,32,443,7,113,55,2868541,8,70,cloudflare,188.114.96.1
40,0,5,139,172.31.75.40,57384,12,67,0,32,443,5,107,55,2992423,7,67,cloudflare,188.114.96.1
60,0,7,161,172.31.75.40,57400,15,70,0,31,443,7,130,55,2590767,8,70,cloudflare,188.114.96.1
56,0,6,163,172.31.75.40,57416,13,66,0,41,443,6,122,53,2564737,7,66,cloudflare,188.114.96.1
50,0,8,146,172.31.75.40,57422,17,73,0,23,443,8,123,56,2851659,9,73,cloudflare,188.114.96.1
57,0,7,154,172.31.75.40,57426,14,66,0,31,443,7,123,52,2717974,7,66,cloudflare,188.114.96.1
58,0,6,156,172.31.75.40,57434,14,69,0,29,443,6,127,55,2677113,8,69,cloudflare,188.114.96.1
50,0,6,152,172.31.75.40,57450,14,70,0,32,443,6,120,56,2748739,8,70,cloudflare,188.114.96.1
45,0,6,152,172.31.75.40,57460,13,75,0,32,443,6,120,62,2745224,7,75,cloudflare,188.114.96.1
75,0,7,173,172.31.75.40,57464,16,66,0,32,443,7,141,50,2409913,9,66,cloudflare,188.114.96.1
47,0,6,144,172.31.75.40,57476,14,69,0,28,443,6,116,55,2895923,8,69,cloudflare,188.114.96.1
71,0,7,176,172.31.75.40,57482,13,74,0,31,443,7,145,61,2373596,6,74,cloudflare,188.114.96.1
70,0,7,171,172.31.75.40,57490,15,70,0,31,443,7,140,55,2436675,8,70,cloudflare,188.114.96.1
57,0,6,157,172.31.75.40,57496,13,67,0,33,443,6,124,54,2654890,7,66,cloudflare,188.114.96.1
50,0,6,147,172.31.75.40,57506,13,72,0,25,443,6,122,59,2836031,7,72,cloudflare,188.114.96.1
43,0,8,137,172.31.75.40,57508,15,68,0,26,443,8,111,53,3041114,7,68,cloudflare,188.114.96.1
61,0,6,158,172.31.75.40,57522,14,69,0,28,443,6,130,55,2648608,8,69,cloudflare,188.114.96.1
52,0,6,151,172.31.75.40,39980,16,69,0,30,443,6,121,53,2756666,10,69,cloudflare,188.114.96.1
58,0,7,157,172.31.75.40,39990,14,68,0,31,443,7,126,54,2654705,7,68,cloudflare,188.114.96.1
77,0,7,184,172.31.75.40,40006,15,68,0,39,443,7,145,53,2273087,8,68,cloudflare,188.114.96.1
45,0,7,139,172.31.75.40,40016,15,69,0,25,443,7,114,54,2998617,8,69,cloudflare,188.114.96.1
57,0,6,144,172.31.75.40,40030,13,62,0,25,443,6,119,49,2902267,7,62,cloudflare,188.114.96.1
48,0,6,147,172.31.75.40,40046,13,66,0,33,443,6,114,53,2828998,7,66,cloudflare,188.114.96.1
56,0,6,148,172.31.75.40,40058,14,68,0,24,443,6,124,54,2812294,8,68,cloudflare,188.114.96.1
74,0,7,173,172.31.75.40,40064,14,69,0,30,443,7,143,55,2406450,7,69,cloudflare,188.114.96.1
78,0,7,180,172.31.75.40,40066,16,72,0,30,443,7,150,56,2323640,9,72,cloudflare,188.114.96.1
41,0,8,138,172.31.75.40,40072,16,64,0,33,443,8,105,48,3028968,8,64,cloudflare,188.114.96.1
46,0,5,130,172.31.75.40,40080,13,62,0,22,443,5,108,49,3207371,8,62,cloudflare,188.114.96.1
55,0,7,147,172.31.75.40,40094,14,69,0,23,443,7,124,55,2842906,7,69,cloudflare,188.114.96.1
43,0,7,139,172.31.75.40,40110,15,66,0,30,443,7,109,51,2998338,8,66,cloudflare,188.114.96.1
60,0,6,160,172.31.75.40,40112,13,66,0,34,443,6,126,53,2615367,7,66,cloudflare,188.114.96.1
48,0,6,154,172.31.75.40,40128,16,68,0,38,443,6,116,52,2715312,10,68,cloudflare,188.114.96.1
68,0,60,286,172.31.75.40,40238,76,164,0,54,443,60,232,88,1459404,16,164,vercel,76.76.21.123
47,0,61,257,172.31.75.40,43272,78,156,0,54,443,61,203,78,1627437,17,156,vercel,76.76.21.241
51,0,49,248,172.31.75.40,43286,66,144,0,53,443,49,195,78,1684220,17,144,vercel,76.76.21.241
39,0,57,253,172.31.75.40,43290,72,152,0,62,443,57,191,80,1650418,15,152,vercel,76.76.21.241
40,0,50,252,172.31.75.40,43306,67,148,0,64,443,50,188,81,1660242,17,148,vercel,76.76.21.241
39,0,56,244,172.31.75.40,43310,73,152,0,53,443,56,191,79,1714134,17,152,vercel,76.76.21.241
39,0,57,239,172.31.75.40,43320,74,150,0,50,443,57,189,76,1750200,17,150,vercel,76.76.21.241
41,0,29,232,172.31.75.40,43324,47,128,0,63,443,29,169,81,1803676,18,128,vercel,76.76.21.241
42,0,62,268,172.31.75.40,43340,78,163,0,63,443,62,205,85,1559666,16,162,vercel,76.76.21.241
133,0,60,339,172.31.75.40,43348,76,156,0,50,443,60,289,80,1233718,16,156,vercel,76.76.21.241
39,0,59,246,172.31.75.40,43360,76,154,0,53,443,59,193,78,1699749,17,154,vercel,76.76.21.241
43,0,60,246,172.31.75.40,43362,76,155,0,48,443,60,198,79,1700916,16,155,vercel,76.76.21.241
48,0,60,259,172.31.75.40,43374,77,158,0,53,443,60,206,81,1610428,17,158,vercel,76.76.21.241
44,0,32,224,172.31.75.40,43378,49,130,0,50,443,32,174,81,1868845,17,130,vercel,76.76.21.241
39,0,56,255,172.31.75.40,43380,72,151,0,65,443,56,190,79,1635959,16,151,vercel,76.76.21.241
51,0,60,261,172.31.75.40,43382,76,158,0,52,443,60,209,82,1602617,16,158,vercel,76.76.21.241
83,0,58,290,172.31.75.40,43388,75,153,0,54,443,58,236,78,1443180,17,153,vercel,76.76.21.241
41,0,46,248,172.31.75.40,43394,63,141,0,66,443,46,182,78,1686995,17,141,vercel,76.76.21.241
41,0,57,258,172.31.75.40,43408,74,154,0,63,443,57,195,80,1617309,17,154,vercel,76.76.21.241
62,0,61,287,172.31.75.40,43412,76,156,0,69,443,61,218,80,1458296,15,156,vercel,76.76.21.241
74,0,32,268,172.31.75.40,43418,50,127,0,67,443,32,201,77,1558302,18,127,vercel,76.76.21.241
49,0,46,243,172.31.75.40,43434,63,143,0,51,443,46,192,80,1718531,17,143,vercel,76.76.21.241
37,0,49,249,172.31.75.40,43436,66,145,0,67,443,49,182,79,1677767,17,145,vercel,76.76.21.241
41,0,33,234,172.31.75.40,43448,48,129,0,64,443,33,170,81,1785628,15,129,vercel,76.76.21.241
40,0,39,227,172.31.75.40,57614,55,136,0,51,443,39,176,81,1841318,16,136,vercel,76.76.21.241
39,0,56,238,172.31.75.40,57620,73,151,0,48,443,56,190,78,1758456,17,151,vercel,76.76.21.241
41,0,64,264,172.31.75.40,57624,82,159,0,64,443,64,200,77,1579907,18,159,vercel,76.76.21.241
36,0,32,216,172.31.75.40,57640,47,126,0,54,443,32,162,79,1937329,15,126,vercel,76.76.21.241
40,0,44,246,172.31.75.40,57648,61,142,0,64,443,44,182,81,1698831,17,142,vercel,76.76.21.241
41,0,48,235,172.31.75.40,57662,65,143,0,51,443,48,184,78,1775971,17,143,vercel,76.76.21.241
40,0,61,248,172.31.75.40,57674,80,158,0,50,443,61,198,78,1681953,19,158,vercel,76.76.21.241
41,0,33,225,172.31.75.40,57678,50,131,0,53,443,33,172,81,1858615,17,131,vercel,76.76.21.241
47,0,49,241,172.31.75.40,57690,64,142,0,52,443,49,189,78,1732284,15,142,vercel,76.76.21.241
59,0,31,239,172.31.75.40,57702,49,129,0,51,443,31,188,80,1744563,18,129,vercel,76.76.21.241
40,0,52,242,172.31.75.40,57710,67,150,0,52,443,52,190,83,1726298,15,150,vercel,76.76.21.241
39,0,31,218,172.31.75.40,57722,48,127,0,52,443,31,166,79,1913982,17,127,vercel,76.76.21.241
38,0,63,259,172.31.75.40,57734,80,157,0,64,443,63,195,77,1610267,17,157,vercel,76.76.21.241
41,0,50,242,172.31.75.40,57744,69,147,0,54,443,50,188,78,1728500,19,147,vercel,76.76.21.241
37,0,29,216,172.31.75.40,57760,47,126,0,53,443,29,163,79,1930646,18,125,vercel,76.76.21.241
40,0,47,243,172.31.75.40,57776,64,148,0,55,443,47,188,84,1720933,17,148,vercel,76.76.21.241
41,0,45,246,172.31.75.40,57786,62,141,0,64,443,45,182,79,1695529,17,141,vercel,76.76.21.241
43,0,48,236,172.31.75.40,57794,65,142,0,51,443,48,185,77,1773961,17,142,vercel,76.76.21.241
39,0,32,222,172.31.75.40,57802,50,129,0,54,443,32,168,79,1884975,18,129,vercel,76.76.21.241
44,0,52,244,172.31.75.40,57816,70,148,0,52,443,52,192,78,1714239,18,148,vercel,76.76.21.241
40,0,57,258,172.31.75.40,57832,75,153,0,65,443,57,193,78,1622599,18,153,vercel,76.76.21.241
44,0,44,234,172.31.75.40,57834,60,138,0,52,443,44,182,78,1787420,16,137,vercel,76.76.21.241
40,0,30,237,172.31.75.40,57836,47,128,0,69,443,30,168,81,1765188,17,128,vercel,76.76.21.241
44,0,54,244,172.31.75.40,57848,71,151,0,49,443,54,195,80,1710303,17,151,vercel,76.76.21.241
43,0,52,272,172.31.75.40,57864,70,172,0,57,443,52,215,102,1535244,18,172,vercel,76.76.21.241
40,0,31,221,172.31.75.40,57874,49,127,0,54,443,31,167,78,1894323,18,127,vercel,76.76.21.241
47,0,30,230,172.31.75.40,57884,48,130,0,53,443,30,177,82,1819013,18,130,vercel,76.76.21.241
40,0,56,243,172.31.75.40,57894,73,154,0,49,443,56,194,81,1716636,17,154,vercel,76.76.21.241
180,0,32,360,172.31.75.40,57900,49,127,0,53,443,32,307,78,1162662,17,126,vercel,76.76.21.241
43,0,57,246,172.31.75.40,57912,74,152,0,51,443,57,195,78,1696298,17,152,vercel,76.76.21.241
44,0,54,257,172.31.75.40,57922,71,153,0,60,443,54,197,82,1623392,17,153,vercel,76.76.21.241
43,0,57,249,172.31.75.40,57932,74,152,0,54,443,57,195,78,1679470,17,152,vercel,76.76.21.241
43,0,49,247,172.31.75.40,57948,66,148,0,56,443,49,191,82,1691070,17,148,vercel,76.76.21.241
40,0,49,242,172.31.75.40,57960,65,147,0,55,443,49,187,82,1726526,16,147,vercel,76.76.21.241
36,0,51,238,172.31.75.40,57972,69,148,0,54,443,51,184,79,1751965,18,148,vercel,76.76.21.241
40,0,44,231,172.31.75.40,57976,61,140,0,51,443,44,180,79,1805559,17,140,vercel,76.76.21.241
40,0,57,258,172.31.75.40,43198,74,153,0,65,443,57,193,79,1620332,17,152,vercel,76.76.21.241
43,0,59,242,172.31.75.40,43208,74,150,0,49,443,59,193,76,1723349,15,150,vercel,76.76.21.241
40,0,48,251,172.31.75.40,43218,63,144,0,67,443,48,184,81,1663382,15,144,vercel,76.76.21.241
39,0,31,234,172.31.75.40,43230,48,128,0,67,443,31,167,80,1784540,17,128,vercel,76.76.21.241
37,0,57,260,172.31.75.40,43236,74,155,0,68,443,57,192,81,1605389,17,154,vercel,76.76.21.241
38,0,30,220,172.31.75.40,43238,47,128,0,54,443,30,166,81,1901153,17,128,vercel,76.76.21.241
49,0,29,228,172.31.75.40,43250,46,127,0,52,443,29,176,81,1832428,17,127,vercel,76.76.21.241
36,0,31,215,172.31.75.40,43266,48,126,0,53,443,31,162,78,1943878,17,126,vercel,76.76.21.241
38,0,58,254,172.31.75.40,43282,73,152,0,64,443,58,190,79,1645954,15,152,vercel,76.76.21.241
53,0,51,254,172.31.75.40,43284,68,150,0,51,443,51,203,82,1644667,17,150,vercel,76.76.21.241
41,0,44,232,172.31.75.40,43288,61,139,0,52,443,44,180,78,1801798,17,138,vercel,76.76.21.241
38,0,53,239,172.31.75.40,43292,69,147,0,54,443,53,185,78,1746433,16,147,vercel,76.76.21.241
40,0,61,274,172.31.75.40,43308,79,159,0,75,443,61,199,80,1524371,18,159,vercel,76.76.21.241
41,0,29,233,172.31.75.40,43312,47,125,0,67,443,29,166,78,1794138,18,125,vercel,76.76.21.241
36,0,30,227,172.31.75.40,43322,46,126,0,65,443,30,162,80,1838068,16,126,vercel,76.76.21.241
41,0,60,251,172.31.75.40,43326,77,158,0,52,443,60,199,81,1662338,17,158,vercel,76.76.21.241
41,0,52,242,172.31.75.40,43332,69,147,0,54,443,52,188,78,1728265,17,147,vercel,76.76.21.241
53,0,56,254,172.31.75.40,43344,72,150,0,51,443,56,203,78,1646038,16,150,vercel,76.76.21.241
40,0,31,227,172.31.75.40,43352,47,125,0,62,443,31,165,78,1837689,16,125,vercel,76.76.21.241
43,0,50,241,172.31.75.40,43366,67,147,0,51,443,50,190,80,1733747,17,147,vercel,76.76.21.241
40,0,54,243,172.31.75.40,43384,71,150,0,53,443,54,190,79,1716115,17,150,vercel,76.76.21.241
41,0,57,245,172.31.75.40,43386,73,154,0,50,443,57,195,81,1706420,16,154,vercel,76.76.21.241
38,0,44,248,172.31.75.40,43396,61,141,0,69,443,44,179,80,1684091,17,141,vercel,76.76.21.241
38,0,54,259,172.31.75.40,43402,72,152,0,69,443,54,190,80,1613071,18,151,vercel,76.76.21.241
39,0,32,231,172.31.75.40,43406,49,127,0,65,443,32,166,78,1811097,17,127,vercel,76.76.21.241
44,0,57,261,172.31.75.40,43420,73,149,0,68,443,57,193,76,1601318,16,149,vercel,76.76.21.241
37,0,58,259,172.31.75.40,43422,76,154,0,68,443,58,191,78,1611649,18,154,vercel,76.76.21.241
38,0,58,249,172.31.75.40,43438,75,155,0,56,443,58,193,80,1675176,17,155,vercel,76.76.21.241
38,0,38,242,172.31.75.40,43446,56,136,0,68,443,38,174,80,1727545,18,136,vercel,76.76.21.241
55,0,43,248,172.31.75.40,43454,60,142,0,51,443,43,197,82,1681507,17,142,vercel,76.76.21.241
39,0,56,261,172.31.75.40,43468,74,153,0,69,443,56,192,79,1599702,18,153,vercel,76.76.21.241
43,0,52,242,172.31.75.40,43480,69,149,0,50,443,52,192,80,1727324,17,149,vercel,76.76.21.241
38,0,54,241,172.31.75.40,43488,71,150,0,53,443,54,188,79,1732951,17,150,vercel,76.76.21.241
42,0,61,254,172.31.75.40,43498,78,159,0,53,443,61,201,81,1643634,17,159,vercel,76.76.21.241
39,0,50,251,172.31.75.40,43508,68,147,0,65,443,50,186,79,1667396,18,147,vercel,76.76.21.241
38,0,29,229,172.31.75.40,43524,46,124,0,67,443,29,162,78,1825732,17,124,vercel,76.76.21.241
43,0,29,225,172.31.75.40,55644,46,126,0,56,443,29,169,80,1853751,17,126,vercel,76.76.21.241
38,0,61,262,172.31.75.40,55658,79,159,0,65,443,61,197,80,1592601,18,159,vercel,76.76.21.241
39,0,58,248,172.31.75.40,55666,76,158,0,51,443,58,197,82,1685270,18,158,vercel,76.76.21.241
40,0,31,220,172.31.75.40,55668,48,129,0,51,443,31,169,81,1895043,17,129,vercel,76.76.21.241
42,0,48,236,172.31.75.40,55680,66,145,0,49,443,48,187,79,1766819,18,145,vercel,76.76.21.241
40,0,56,268,172.31.75.40,55684,74,162,0,66,443,56,202,88,1559997,18,162,vercel,76.76.21.241
39,0,44,236,172.31.75.40,55692,62,142,0,55,443,44,181,80,1770293,18,142,vercel,76.76.21.241
40,0,44,250,172.31.75.40,55694,59,142,0,68,443,44,182,83,1672512,15,142,vercel,76.76.21.241
36,0,48,232,172.31.75.40,55706,64,144,0,52,443,48,180,80,1800922,16,144,vercel,76.76.21.241
40,0,59,261,172.31.75.40,55712,75,155,0,66,443,59,195,80,1602065,16,155,vercel,76.76.21.241
81,0,32,262,172.31.75.40,55718,49,129,0,52,443,32,210,80,1596956,17,129,vercel,76.76.21.241
38,0,58,260,172.31.75.40,55724,73,156,0,66,443,58,194,83,1608158,15,156,vercel,76.76.21.241
41,0,57,267,172.31.75.40,55740,75,155,0,71,443,57,196,80,1567567,18,155,vercel,76.76.21.241
37,0,42,240,172.31.75.40,55742,57,137,0,66,443,42,174,80,1737373,15,137,vercel,76.76.21.241
38,0,31,218,172.31.75.40,55756,48,127,0,53,443,31,165,79,1914577,17,127,vercel,76.76.21.241
47,0,61,254,172.31.75.40,55758,78,156,0,51,443,61,203,78,1645326,17,156,vercel,76.76.21.241
43,0,51,239,172.31.75.40,55764,67,145,0,51,443,51,188,78,1747446,16,145,vercel,76.76.21.241
173,0,35,357,172.31.75.40,55766,52,130,0,54,443,35,303,78,1171040,17,130,vercel,76.76.21.241
37,0,50,262,172.31.75.40,55772,66,161,0,64,443,50,198,95,1593552,16,161,vercel,76.76.21.241
38,0,50,249,172.31.75.40,55784,67,147,0,64,443,50,185,80,1680070,17,147,vercel,76.76.21.241
46,0,33,230,172.31.75.40,55786,50,130,0,54,443,33,176,80,1819202,17,130,vercel,76.76.21.241
40,0,55,257,172.31.75.40,55802,71,153,0,64,443,55,193,82,1625043,16,153,vercel,76.76.21.241
54,0,58,276,172.31.75.40,55818,75,155,0,67,443,58,209,80,1515773,17,155,vercel,76.76.21.241
41,0,53,234,172.31.75.40,55820,68,144,0,49,443,53,185,76,1781912,15,144,vercel,76.76.21.241
42,0,44,250,172.31.75.40,55832,61,142,0,66,443,44,184,81,1670237,17,141,vercel,76.76.21.241
47,0,60,260,172.31.75.40,55834,76,154,0,59,443,60,201,78,1609314,16,154,vercel,76.76.21.241
40,0,28,226,172.31.75.40,55840,44,121,0,65,443,28,161,77,1849378,16,121,vercel,76.76.21.241
40,0,50,237,172.31.75.40,55850,66,144,0,53,443,50,184,78,1766245,16,144,vercel,76.76.21.241
40,0,30,235,172.31.75.40,55852,47,128,0,67,443,30,168,81,1778763,17,128,vercel,76.76.21.241
39,0,54,250,172.31.75.40,55856,71,155,0,56,443,54,194,84,1674599,17,155,vercel,76.76.21.241
40,0,54,254,172.31.75.40,55858,70,148,0,66,443,54,188,78,1647378,16,148,vercel,76.76.21.241
39,0,46,238,172.31.75.40,55862,62,144,0,55,443,46,183,82,1754388,16,144,vercel,76.76.21.241
39,0,50,247,172.31.75.40,55870,66,142,0,66,443,50,181,76,1689603,16,142,vercel,76.76.21.241
41,0,49,238,172.31.75.40,55880,65,145,0,52,443,49,186,80,1752787,16,145,vercel,76.76.21.241
39,0,54,252,172.31.75.40,55890,69,149,0,64,443,54,188,80,1658611,15,149,vercel,76.76.21.241
36,0,30,236,172.31.75.40,42372,47,132,0,68,443,30,168,85,1770735,17,132,vercel,76.76.21.241
39,0,55,254,172.31.75.40,42380,70,150,0,65,443,55,189,80,1642396,15,149,vercel,76.76.21.241
40,0,66,266,172.31.75.40,42392,82,162,0,64,443,66,202,80,1568689,16,162,vercel,76.76.21.241
73,0,54,272,172.31.75.40,42400,70,149,0,50,443,54,222,79,1534991,16,149,vercel,76.76.21.241
41,0,58,261,172.31.75.40,42404,75,153,0,67,443,58,194,78,1602611,17,153,vercel,76.76.21.241
38,0,45,249,172.31.75.40,42406,62,142,0,69,443,45,180,80,1675538,17,142,vercel,76.76.21.241
44,0,49,241,172.31.75.40,42414,68,147,0,50,443,49,191,79,1736905,19,147,vercel,76.76.21.241
39,0,54,258,172.31.75.40,42420,72,151,0,68,443,54,190,79,1621493,18,151,vercel,76.76.21.241
38,0,58,261,172.31.75.40,42424,76,154,0,69,443,58,192,78,1603575,18,154,vercel,76.76.21.241
38,0,30,216,172.31.75.40,42428,47,126,0,52,443,30,164,79,1937616,17,126,vercel,76.76.21.241
41,0,32,224,172.31.75.40,42438,49,131,0,52,443,32,172,82,1864724,17,130,vercel,76.76.21.241
38,0,57,249,172.31.75.40,42446,72,151,0,60,443,57,189,79,1675558,15,151,vercel,76.76.21.241
49,0,33,236,172.31.75.40,42454,49,133,0,54,443,33,182,84,1771095,16,133,vercel,76.76.21.241
40,0,66,275,172.31.75.40,42456,81,171,0,64,443,66,211,90,1522343,15,171,vercel,76.76.21.241
39,0,31,249,172.31.75.40,42472,49,146,0,64,443,31,185,97,1678453,18,146,vercel,76.76.21.241
50,0,55,256,172.31.75.40,42480,72,153,0,53,443,55,203,81,1629768,17,153,vercel,76.76.21.241
59,0,57,265,172.31.75.40,42484,73,153,0,53,443,57,212,80,1576172,16,152,vercel,76.76.21.241
40,0,50,250,172.31.75.40,42498,67,146,0,64,443,50,186,79,1670030,17,146,vercel,76.76.21.241
44,0,56,250,172.31.75.40,42512,71,149,0,57,443,56,193,78,1670084,15,149,vercel,76.76.21.241
40,0,49,239,172.31.75.40,42516,67,146,0,53,443,49,186,79,1748380,18,145,vercel,76.76.21.241
38,0,33,223,172.31.75.40,42530,51,130,0,55,443,33,168,79,1877166,18,130,vercel,76.76.21.241
43,0,32,222,172.31.75.40,42540,48,127,0,52,443,32,170,79,1882382,16,126,vercel,76.76.21.241
35,0,51,253,172.31.75.40,42556,68,149,0,69,443,51,184,81,1652594,17,149,vercel,76.76.21.241
45,0,30,227,172.31.75.40,42558,47,128,0,54,443,30,173,81,1837390,17,128,vercel,76.76.21.241
37,0,31,230,172.31.75.40,42570,48,128,0,65,443,31,165,80,1814228,17,128,vercel,76.76.21.241
40,0,61,263,172.31.75.40,42576,78,159,0,64,443,61,199,81,1588926,17,159,vercel,76.76.21.241
42,0,31,219,172.31.75.40,42592,47,126,0,51,443,31,168,79,1906886,16,126,vercel,76.76.21.241
46,0,30,214,172.31.75.40,42606,45,121,0,47,443,30,167,76,1947685,15,121,vercel,76.76.21.241
51,0,50,262,172.31.75.40,42622,67,146,0,65,443,50,197,79,1594189,17,146,vercel,76.76.21.241
40,0,49,251,172.31.75.40,42638,65,146,0,65,443,49,186,81,1663322,16,146,vercel,76.76.21.241
38,0,57,249,172.31.75.40,42648,74,158,0,53,443,57,196,84,1679126,17,158,vercel,76.76.21.241
38,0,34,232,172.31.75.40,42660,51,131,0,63,443,34,169,80,1803459,17,131,vercel,76.76.21.241
37,0,44,250,172.31.75.40,42664,61,142,0,71,443,44,179,81,1673013,17,142,vercel,76.76.21.241
39,0,60,246,172.31.75.40,42678,75,153,0,54,443,60,192,78,1701565,15,153,vercel,76.76.21.241
38,0,32,216,172.31.75.40,42684,48,128,0,50,443,32,166,80,1932072,16,128,vercel,76.76.21.241
41,0,60,256,172.31.75.40,42686,77,155,0,60,443,60,196,78,1633820,17,155,vercel,76.76.21.241
40,0,46,246,172.31.75.40,50466,62,142,0,64,443,46,182,80,1698907,16,141,vercel,76.76.21.241
47,0,30,221,172.31.75.40,50476,45,125,0,49,443,30,172,80,1887423,15,125,vercel,76.76.21.241
42,0,29,219,172.31.75.40,50486,46,125,0,52,443,29,167,79,1909922,17,124,vercel,76.76.21.241
39,0,48,243,172.31.75.40,50488,65,147,0,57,443,48,186,82,1717115,17,147,vercel,76.76.21.241
39,0,50,271,172.31.75.40,50490,65,163,0,69,443,50,202,98,1542461,15,163,vercel,76.76.21.241
39,0,54,253,172.31.75.40,50496,70,149,0,65,443,54,188,79,1653586,16,149,vercel,76.76.21.241
40,0,42,238,172.31.75.40,50502,59,136,0,62,443,42,176,77,1757931,17,136,vercel,76.76.21.241
48,0,51,251,172.31.75.40,50510,68,148,0,55,443,51,196,80,1662246,17,148,vercel,76.76.21.241
41,0,52,251,172.31.75.40,50518,68,148,0,62,443,52,189,80,1666553,16,148,vercel,76.76.21.241
39,0,32,218,172.31.75.40,50524,48,127,0,52,443,32,166,79,1919361,16,127,vercel,76.76.21.241
41,0,54,246,172.31.75.40,50536,69,149,0,56,443,54,190,80,1699804,15,148,vercel,76.76.21.241
47,0,53,245,172.31.75.40,50552,71,148,0,50,443,53,195,77,1705412,18,148,vercel,76.76.21.241
39,0,48,252,172.31.75.40,50566,63,145,0,68,443,48,184,82,1661210,15,145,vercel,76.76.21.241
42,0,32,225,172.31.75.40,50568,50,129,0,54,443,32,171,79,1853407,18,129,vercel,76.76.21.241
40,0,47,318,172.31.75.40,50584,62,145,0,133,443,47,185,83,1313794,15,145,vercel,76.76.21.241
38,0,64,249,172.31.75.40,50592,81,159,0,52,443,64,197,78,1678749,17,159,vercel,76.76.21.241
68,0,29,248,172.31.75.40,50594,47,127,0,53,443,29,195,80,1682676,18,127,vercel,76.76.21.241
38,0,30,214,172.31.75.40,50604,48,126,0,50,443,30,164,78,1950734,18,126,vercel,76.76.21.241
43,0,46,244,172.31.75.40,50612,63,147,0,54,443,46,190,84,1712626,17,147,vercel,76.76.21.241
41,0,62,252,172.31.75.40,50620,79,158,0,53,443,62,199,79,1655724,17,158,vercel,76.76.21.241
38,0,44,240,172.31.75.40,50628,60,142,0,60,443,44,180,82,1743088,16,141,vercel,76.76.21.241
47,0,31,228,172.31.75.40,50644,47,128,0,53,443,31,175,81,1834548,16,128,vercel,76.76.21.241
37,0,53,237,172.31.75.40,50650,69,146,0,54,443,53,183,77,1763270,16,146,vercel,76.76.21.241
41,0,61,267,172.31.75.40,50658,78,160,0,66,443,61,201,82,1565469,17,160,vercel,76.76.21.241
45,0,40,242,172.31.75.40,50662,57,138,0,59,443,40,183,81,1728615,17,138,vercel,76.76.21.241
41,0,58,258,172.31.75.40,50666,75,155,0,62,443,58,196,80,1618371,17,155,vercel,76.76.21.241
38,0,60,246,172.31.75.40,50680,77,155,0,53,443,60,193,78,1701137,17,155,vercel,76.76.21.241
41,0,55,251,172.31.75.40,50694,72,148,0,62,443,55,189,76,1662767,17,148,vercel,76.76.21.241
38,0,32,218,172.31.75.40,50706,47,127,0,53,443,32,165,80,1919097,15,127,vercel,76.76.21.241
41,0,72,257,172.31.75.40,50714,88,167,0,49,443,72,208,79,1628938,16,167,vercel,76.76.21.241
39,0,52,252,172.31.75.40,50718,69,153,0,60,443,52,192,84,1655692,17,153,vercel,76.76.21.241
37,0,31,230,172.31.75.40,50732,49,126,0,67,443,31,163,77,1814731,18,126,vercel,76.76.21.241
37,0,55,242,172.31.75.40,50742,73,152,0,53,443,55,189,79,1727894,18,152,vercel,76.76.21.241
7,0,8,108,172.31.75.40,43014,14,65,0,36,443,8,72,51,3853776,6,65,github,185.199.111.153
8,0,6,102,172.31.75.40,43030,14,62,0,32,443,6,70,48,4080935,8,62,github,185.199.111.153
9,0,7,107,172.31.75.40,43040,15,64,0,34,443,7,73,49,3883338,8,64,github,185.199.111.153
7,0,6,101,172.31.75.40,43056,13,62,0,32,443,6,69,49,4106191,7,61,github,185.199.111.153
10,0,7,113,172.31.75.40,43072,15,67,0,36,443,7,77,52,3693699,8,67,github,185.199.111.153
9,0,6,110,172.31.75.40,43084,14,63,0,38,443,6,72,49,3788561,8,63,github,185.199.111.153
7,0,6,110,172.31.75.40,43100,14,64,0,39,443,6,71,50,3793814,8,64,github,185.199.111.153
8,0,7,103,172.31.75.40,43112,14,62,0,33,443,7,70,48,4037641,7,62,github,185.199.111.153
7,0,7,105,172.31.75.40,43116,14,63,0,35,443,7,70,49,3982828,7,62,github,185.199.111.153
8,0,7,108,172.31.75.40,43132,14,64,0,36,443,7,72,50,3843057,7,64,github,185.199.111.153
8,0,7,105,172.31.75.40,43136,15,63,0,34,443,7,71,48,3964611,8,63,github,185.199.111.153
7,0,6,105,172.31.75.40,43152,14,65,0,33,443,6,72,51,3952894,8,64,github,185.199.111.153
10,0,9,112,172.31.75.40,43156,16,68,0,34,443,9,78,52,3712039,7,68,github,185.199.111.153
57,0,7,159,172.31.75.40,43158,14,66,0,36,443,7,123,52,2631676,7,66,github,185.199.111.153
8,0,6,108,172.31.75.40,43160,14,64,0,36,443,6,72,50,3861347,8,64,github,185.199.111.153
7,0,6,108,172.31.75.40,43172,14,65,0,36,443,6,72,51,3859176,8,65,github,185.199.111.153
9,0,7,111,172.31.75.40,43180,14,64,0,38,443,7,73,50,3766644,7,64,github,185.199.111.153
9,0,7,105,172.31.75.40,43192,14,61,0,35,443,7,70,47,3976888,7,61,github,185.199.111.153
8,0,8,109,172.31.75.40,43196,15,65,0,36,443,8,73,50,3824031,7,65,github,185.199.111.153
7,0,5,108,172.31.75.40,43210,13,63,0,38,443,5,70,50,3873673,8,63,github,185.199.111.153
8,0,7,110,172.31.75.40,43226,14,64,0,38,443,7,72,50,3788424,7,64,github,185.199.111.153
8,0,6,107,172.31.75.40,43236,13,63,0,36,443,6,71,50,3888496,7,63,github,185.199.111.153
7,0,7,106,172.31.75.40,43238,14,63,0,36,443,7,70,49,3937947,7,63,github,185.199.111.153
8,0,8,114,172.31.75.40,43248,15,68,0,38,443,8,76,53,3670448,7,68,github,185.199.111.153
9,0,6,134,172.31.75.40,43260,14,63,0,62,443,6,72,49,3102343,8,63,github,185.199.111.153
6,0,46,144,172.31.75.40,43264,54,101,0,37,443,46,107,47,2903434,8,101,github,185.199.111.153
7,0,6,140,172.31.75.40,43278,14,63,0,70,443,6,70,49,2986063,8,63,github,185.199.111.153
8,0,7,105,172.31.75.40,43288,13,60,0,37,443,7,68,47,3983662,6,60,github,185.199.111.153
7,0,7,107,172.31.75.40,43294,15,64,0,36,443,7,71,49,3897002,8,64,github,185.199.111.153
6,0,6,108,172.31.75.40,43306,14,65,0,37,443,6,71,51,3844680,8,64,github,185.199.111.153
9,0,7,103,172.31.75.40,43322,14,61,0,33,443,7,70,47,4064295,7,61,github,185.199.111.153
8,0,6,104,172.31.75.40,43328,14,64,0,32,443,6,72,50,3994494,8,64,github,185.199.111.153
9,0,12,113,172.31.75.40,43340,20,70,0,34,443,12,79,50,3676411,8,70,github,185.199.111.153
6,0,10,109,172.31.75.40,43356,17,65,0,38,443,10,71,48,3820960,7,65,github,185.199.111.153
8,0,6,106,172.31.75.40,43372,13,63,0,35,443,6,71,50,3948346,7,63,github,185.199.111.153
8,0,7,106,172.31.75.40,43378,14,62,0,36,443,7,70,48,3919990,7,61,github,185.199.111.153
7,0,7,107,172.31.75.40,43394,15,64,0,36,443,7,71,49,3892039,8,64,github,185.199.111.153
9,0,7,110,172.31.75.40,43406,14,63,0,38,443,7,72,49,3799633,7,63,github,185.199.111.153
7,0,7,104,172.31.75.40,53834,14,62,0,35,443,7,69,48,4019846,7,62,github,185.199.111.153
9,0,7,108,172.31.75.40,53838,15,63,0,36,443,7,72,48,3854840,8,63,github,185.199.111.153
8,0,8,110,172.31.75.40,53848,14,64,0,38,443,8,72,50,3779054,6,64,github,185.199.111.153
7,0,5,101,172.31.75.40,53864,11,58,0,36,443,5,65,47,4114707,6,58,github,185.199.111.153
8,0,7,109,172.31.75.40,53876,15,67,0,34,443,7,75,52,3812053,8,67,github,185.199.111.153
8,0,6,112,172.31.75.40,53882,14,63,0,41,443,6,71,49,3717973,8,62,github,185.199.111.153
7,0,8,107,172.31.75.40,53890,16,65,0,35,443,8,72,49,3883122,8,65,github,185.199.111.153
7,0,6,103,172.31.75.40,53906,11,62,0,34,443,6,69,51,4057009,5,62,github,185.199.111.153
9,0,6,106,172.31.75.40,53918,14,62,0,35,443,6,71,48,3923260,8,62,github,185.199.111.153
7,0,6,112,172.31.75.40,53924,15,70,0,35,443,6,77,55,3715564,9,70,github,185.199.111.153
8,0,8,108,172.31.75.40,53932,15,63,0,37,443,8,71,48,3873171,7,63,github,185.199.111.153
7,0,8,105,172.31.75.40,53946,14,65,0,33,443,8,72,51,3956518,6,65,github,185.199.111.153
6,0,7,112,172.31.75.40,53954,14,66,0,40,443,7,72,52,3711579,7,66,github,185.199.111.153
7,0,7,108,172.31.75.40,53968,14,66,0,35,443,7,73,52,3847118,7,66,github,185.199.111.153
7,0,6,109,172.31.75.40,53982,14,64,0,38,443,6,71,50,3839849,8,64,github,185.199.111.153
7,0,7,110,172.31.75.40,53998,14,67,0,36,443,7,74,53,3774489,7,67,github,185.199.111.153
7,0,7,107,172.31.75.40,54006,15,64,0,36,443,7,71,49,3902160,8,64,github,185.199.111.153
8,0,7,105,172.31.75.40,54016,13,61,0,36,443,7,69,48,3950134,6,61,github,185.199.111.153
10,0,5,113,172.31.75.40,54020,13,63,0,40,443,5,73,50,3686673,8,63,github,185.199.111.153
7,0,7,103,172.31.75.40,54034,15,63,0,33,443,7,70,48,4039472,8,63,github,185.199.111.153
8,0,7,106,172.31.75.40,54046,14,62,0,36,443,7,70,48,3933100,7,62,github,185.199.111.153
7,0,7,104,172.31.75.40,54052,15,61,0,36,443,7,68,46,3996210,8,61,github,185.199.111.153
6,0,6,117,172.31.75.40,54062,13,63,0,48,443,6,69,50,3562384,7,62,github,185.199.111.153
7,0,6,104,172.31.75.40,54078,13,61,0,36,443,6,68,48,4004696,7,61,github,185.199.111.153
8,0,6,105,172.31.75.40,54084,13,63,0,34,443,6,71,50,3970664,7,63,github,185.199.111.153
7,0,7,138,172.31.75.40,54098,14,64,0,67,443,7,71,50,3019313,7,64,github,185.199.111.153
7,0,7,108,172.31.75.40,54102,14,63,0,38,443,7,70,49,3873100,7,63,github,185.199.111.153
7,0,7,107,172.31.75.40,54116,14,64,0,36,443,7,71,50,3903433,7,64,github,185.199.111.153
7,0,7,103,172.31.75.40,54124,14,63,0,33,443,7,70,49,4062048,7,63,github,185.199.111.153
7,0,7,107,172.31.75.40,54140,14,64,0,36,443,7,71,50,3876578,7,64,github,185.199.111.153
8,0,8,105,172.31.75.40,54152,15,63,0,34,443,8,71,48,3958276,7,63,github,185.199.111.153
8,0,6,107,172.31.75.40,54166,13,64,0,35,443,6,72,51,3877835,7,64,github,185.199.111.153
9,0,9,109,172.31.75.40,54176,17,64,0,36,443,9,73,47,3839356,8,64,github,185.199.111.153
9,0,7,110,172.31.75.40,54178,15,66,0,35,443,7,75,51,3785752,8,66,github,185.199.111.153
9,0,7,111,172.31.75.40,54184,15,64,0,38,443,7,73,49,3753171,8,64,github,185.199.111.153
7,0,6,105,172.31.75.40,54192,12,63,0,35,443,6,70,51,3970137,6,63,github,185.199.111.153
7,0,7,108,172.31.75.40,54200,14,64,0,37,443,7,71,50,3854769,7,64,github,185.199.111.153
7,0,7,107,172.31.75.40,54204,15,64,0,36,443,7,71,49,3904890,8,64,github,185.199.111.153
8,0,6,108,172.31.75.40,54208,13,63,0,37,443,6,71,50,3870593,7,63,github,185.199.111.153
7,0,7,108,172.31.75.40,54216,15,65,0,36,443,7,72,50,3850125,8,64,github,185.199.111.153
8,0,8,107,172.31.75.40,54232,15,63,0,36,443,8,71,48,3910069,7,63,github,185.199.111.153
10,0,7,118,172.31.75.40,54236,14,64,0,44,443,7,74,50,3529558,7,64,github,185.199.111.153
9,0,7,105,172.31.75.40,54250,14,61,0,35,443,7,70,47,3958351,7,61,github,185.199.111.153
7,0,9,110,172.31.75.40,54252,16,67,0,36,443,9,74,51,3791306,7,66,github,185.199.111.153
7,0,6,108,172.31.75.40,54266,14,63,0,38,443,6,70,49,3873888,8,63,github,185.199.111.153
7,0,7,108,172.31.75.40,54268,14,65,0,36,443,7,72,51,3862558,7,65,github,185.199.111.153
9,0,8,122,172.31.75.40,54278,15,65,0,48,443,8,74,50,3405277,7,65,github,185.199.111.153
9,0,6,109,172.31.75.40,54284,13,63,0,37,443,6,72,50,3820646,7,63,github,185.199.111.153
8,0,6,104,172.31.75.40,54300,12,61,0,35,443,6,69,49,3994952,6,61,github,185.199.111.153
8,0,7,110,172.31.75.40,54312,15,66,0,36,443,7,74,51,3793711,8,66,github,185.199.111.153
7,0,7,107,172.31.75.40,54318,13,64,0,36,443,7,71,51,3891786,6,64,github,185.199.111.153
7,0,7,102,172.31.75.40,54326,14,61,0,34,443,7,68,47,4083761,7,61,github,185.199.111.153
7,0,7,109,172.31.75.40,54342,15,64,0,38,443,7,71,49,3839744,8,64,github,185.199.111.153
7,0,8,109,172.31.75.40,54348,15,66,0,36,443,8,73,51,3826828,7,65,github,185.199.111.153
7,0,7,103,172.31.75.40,54352,14,62,0,34,443,7,69,48,4047439,7,62,github,185.199.111.153
7,0,6,105,172.31.75.40,54356,13,62,0,36,443,6,69,49,3982790,7,61,github,185.199.111.153
8,0,6,105,172.31.75.40,54364,14,63,0,34,443,6,71,49,3953193,8,63,github,185.199.111.153
8,0,6,106,172.31.75.40,54374,14,62,0,36,443,6,70,48,3936614,8,62,github,185.199.111.153
7,0,6,105,172.31.75.40,54386,13,60,0,38,443,6,67,47,3956218,7,60,github,185.199.111.153
7,0,7,105,172.31.75.40,54388,14,63,0,35,443,7,70,49,3979005,7,63,github,185.199.111.153
7,0,7,104,172.31.75.40,54400,15,63,0,34,443,7,70,48,3998233,8,63,github,185.199.111.153
7,0,7,108,172.31.75.40,54404,14,64,0,37,443,7,71,50,3854557,7,64,github,185.199.111.153
7,0,6,105,172.31.75.40,54406,13,62,0,36,443,6,69,49,3959698,7,62,github,185.199.111.153
6,0,6,104,172.31.75.40,54408,13,62,0,36,443,6,68,49,4003165,7,62,github,185.199.111.153
8,0,6,140,172.31.75.40,54420,14,64,0,68,443,6,72,50,2979051,8,64,github,185.199.111.153
8,0,6,108,172.31.75.40,54426,13,65,0,35,443,6,73,52,3866732,7,65,github,185.199.111.153
7,0,5,105,172.31.75.40,54430,13,64,0,34,443,5,71,51,3969234,8,64,github,185.199.111.153
7,0,5,111,172.31.75.40,54438,13,62,0,42,443,5,69,49,3771258,8,62,github,185.199.111.153
7,0,7,110,172.31.75.40,54450,14,65,0,38,443,7,72,51,3797634,7,65,github,185.199.111.153
7,0,7,104,172.31.75.40,54460,13,62,0,35,443,7,69,49,4019229,6,62,github,185.199.111.153
8,0,6,106,172.31.75.40,44238,13,62,0,36,443,6,70,49,3920651,7,62,github,185.199.111.153
9,0,7,104,172.31.75.40,44254,14,63,0,32,443,7,72,49,4001175,7,63,github,185.199.111.153
8,0,9,108,172.31.75.40,44264,16,65,0,35,443,9,73,49,3860670,7,64,github,185.199.111.153
8,0,7,119,172.31.75.40,44272,14,64,0,47,443,7,72,50,3506440,7,64,github,185.199.111.153
8,0,6,110,172.31.75.40,44282,14,62,0,40,443,6,70,48,3800495,8,62,github,185.199.111.153
8,0,9,112,172.31.75.40,44296,16,67,0,37,443,9,75,51,3715663,7,67,github,185.199.111.153
9,0,7,108,172.31.75.40,44302,14,63,0,36,443,7,72,49,3856296,7,63,github,185.199.111.153
8,0,6,105,172.31.75.40,44318,14,63,0,34,443,6,71,49,3962097,8,63,github,185.199.111.153
7,0,6,107,172.31.75.40,44332,14,63,0,37,443,6,70,49,3886330,8,63,github,185.199.111.153
7,0,7,134,172.31.75.40,44338,14,65,0,62,443,7,72,51,3115919,7,65,github,185.199.111.153
6,0,6,105,172.31.75.40,44342,13,63,0,36,443,6,69,50,3951812,7,63,github,185.199.111.153
6,0,6,105,172.31.75.40,44358,14,62,0,37,443,6,68,48,3985975,8,62,github,185.199.111.153
8,0,7,107,172.31.75.40,44374,14,65,0,34,443,7,73,51,3897619,7,64,github,185.199.111.153
8,0,6,109,172.31.75.40,44376,13,65,0,36,443,6,73,52,3822041,7,65,github,185.199.111.153
7,0,8,109,172.31.75.40,44386,15,66,0,36,443,8,73,51,3825674,7,66,github,185.199.111.153
7,0,7,101,172.31.75.40,44388,13,60,0,34,443,7,67,47,4132252,6,60,github,185.199.111.153
8,0,7,105,172.31.75.40,44404,14,62,0,35,443,7,70,48,3981767,7,62,github,185.199.111.153
9,0,7,107,172.31.75.40,44414,14,64,0,34,443,7,73,50,3900597,7,64,github,185.199.111.153
7,0,6,107,172.31.75.40,44420,13,64,0,36,443,6,71,51,3878374,7,63,github,185.199.111.153
7,0,7,104,172.31.75.40,44436,14,61,0,36,443,7,68,47,3990344,7,61,github,185.199.111.153
8,0,8,109,172.31.75.40,44452,15,65,0,36,443,8,73,50,3809937,7,65,github,185.199.111.153
7,0,7,108,172.31.75.40,44456,14,64,0,37,443,7,71,50,3856687,7,64,github,185.199.111.153
7,0,6,106,172.31.75.40,44466,14,61,0,38,443,6,68,47,3933840,8,61,github,185.199.111.153
9,0,8,105,172.31.75.40,44480,15,62,0,34,443,8,71,47,3964010,7,62,github,185.199.111.153
8,0,7,108,172.31.75.40,44496,15,64,0,36,443,7,72,49,3848568,8,64,github,185.199.111.153
7,0,7,109,172.31.75.40,44506,15,64,0,38,443,7,71,49,3831696,8,64,github,185.199.111.153
9,0,8,108,172.31.75.40,44516,15,64,0,35,443,8,73,49,3846588,7,64,github,185.199.111.153
7,0,6,122,172.31.75.40,44526,14,65,0,50,443,6,72,51,3411604,8,65,github,185.199.111.153
8,0,7,101,172.31.75.40,44542,13,61,0,32,443,7,69,48,4108851,6,61,github,185.199.111.153
6,0,6,105,172.31.75.40,44554,14,62,0,37,443,6,68,48,3984268,8,62,github,185.199.111.153
7,0,8,108,172.31.75.40,44556,15,66,0,35,443,8,73,51,3870951,7,66,github,185.199.111.153
7,0,7,105,172.31.75.40,44570,14,61,0,37,443,7,68,47,3982828,7,61,github,185.199.111.153
8,0,7,105,172.31.75.40,44578,14,62,0,35,443,7,70,48,3986165,7,62,github,185.199.111.153
6,0,8,116,172.31.75.40,44580,15,65,0,45,443,8,71,50,3581737,7,65,github,185.199.111.153
6,0,7,105,172.31.75.40,44590,15,63,0,36,443,7,69,48,3962434,8,63,github,185.199.111.153
8,0,6,105,172.31.75.40,44592,13,63,0,34,443,6,71,50,3972737,7,63,github,185.199.111.153
8,0,7,104,172.31.75.40,44604,14,62,0,34,443,7,70,48,4010259,7,62,github,185.199.111.153
6,0,7,108,172.31.75.40,44610,14,64,0,38,443,7,70,50,3852818,7,64,github,185.199.111.153
8,0,6,107,172.31.75.40,44614,13,62,0,37,443,6,70,49,3889038,7,62,github,185.199.111.153
9,0,7,109,172.31.75.40,44624,15,64,0,36,443,7,73,49,3832889,8,64,github,185.199.111.153
6,0,8,107,172.31.75.40,44628,15,65,0,36,443,8,71,50,3894827,7,65,github,185.199.111.153
6,0,7,107,172.31.75.40,44640,13,62,0,39,443,7,68,49,3903506,6,62,github,185.199.111.153
9,0,6,106,172.31.75.40,44644,14,63,0,34,443,6,72,49,3936170,8,63,github,185.199.111.153
8,0,6,107,172.31.75.40,44658,14,62,0,37,443,6,70,48,3891388,8,62,github,185.199.111.153
7,0,6,107,172.31.75.40,44662,13,62,0,38,443,6,69,49,3906712,7,62,github,185.199.111.153
8,0,7,118,172.31.75.40,44664,21,72,0,38,443,7,80,51,3519558,14,71,github,185.199.111.153
8,0,7,106,172.31.75.40,44678,14,63,0,35,443,7,71,49,3936429,7,63,github,185.199.111.153
7,0,6,107,172.31.75.40,44684,13,62,0,38,443,6,69,49,3892871,7,62,github,185.199.111.153
7,0,7,106,172.31.75.40,44700,13,63,0,36,443,7,70,50,3942768,6,63,github,185.199.111.153
10,0,6,111,172.31.75.40,44708,13,63,0,38,443,6,73,50,3753541,7,63,github,185.199.111.153
9,0,7,118,172.31.75.40,44710,14,63,0,46,443,7,72,49,3528963,7,63,github,185.199.111.153
6,0,7,108,172.31.75.40,44724,14,64,0,38,443,7,70,50,3854202,7,64,github,185.199.111.153
7,0,6,107,172.31.75.40,44732,15,64,0,36,443,6,71,49,3907113,9,64,github,185.199.111.153
7,0,6,103,172.31.75.40,44736,13,60,0,36,443,6,67,47,4033557,7,60,github,185.199.111.153
7,0,7,108,172.31.75.40,44752,14,65,0,36,443,7,72,51,3844963,7,64,github,185.199.111.153
8,0,6,139,172.31.75.40,44768,13,63,0,68,443,6,71,50,2996214,7,63,github,185.199.111.153
7,0,7,103,172.31.75.40,44770,13,61,0,35,443,7,68,48,4048143,6,61,github,185.199.111.153
8,0,7,121,172.31.75.40,44780,15,67,0,46,443,7,75,52,3454306,8,67,github,185.199.111.153
12,0,6,166,172.31.75.40,44792,14,116,0,38,443,6,128,102,2507832,8,116,github,185.199.111.153
7,0,7,110,172.31.75.40,44806,13,66,0,37,443,7,73,53,3804225,6,66,github,185.199.111.153
8,0,39,136,172.31.75.40,44822,46,94,0,34,443,39,102,48,3062470,7,94,github,185.199.111.153
6,0,6,104,172.31.75.40,44830,12,62,0,36,443,6,68,50,3988178,6,62,github,185.199.111.153
7,0,6,102,172.31.75.40,44836,12,60,0,35,443,6,67,48,4076048,6,60,github,185.199.111.153
8,0,5,118,172.31.75.40,44840,12,61,0,49,443,5,69,49,3519588,7,61,github,185.199.111.153
7,0,6,105,172.31.75.40,44856,13,63,0,35,443,6,70,50,3951476,7,63,github,185.199.111.153
8,0,5,108,172.31.75.40,44866,13,63,0,37,443,5,71,50,3844680,8,63,github,185.199.111.153
7,0,11,114,172.31.75.40,44874,18,71,0,36,443,11,78,53,3646629,7,71,github,185.199.111.153
7,0,6,105,172.31.75.40,44882,14,64,0,34,443,6,71,50,3962097,8,64,github,185.199.111.153
6,0,6,111,172.31.75.40,44896,13,65,0,40,443,6,71,52,3758191,7,65,github,185.199.111.153
7,0,6,104,172.31.75.40,44904,13,61,0,36,443,6,68,48,4021005,7,61,github,185.199.111.153
8,0,6,107,172.31.75.40,46046,14,64,0,35,443,6,72,50,3880243,8,64,github,185.199.111.153
11,0,5,109,172.31.75.40,46060,13,62,0,36,443,5,73,49,3824625,8,62,github,185.199.111.153
7,0,7,102,172.31.75.40,46066,14,61,0,34,443,7,68,47,4077556,7,61,github,185.199.111.153
7,0,7,107,172.31.75.40,46074,14,64,0,36,443,7,71,50,3905837,7,64,github,185.199.111.153
7,0,7,105,172.31.75.40,46078,14,62,0,36,443,7,69,48,3964310,7,62,github,185.199.111.153
7,0,6,113,172.31.75.40,46086,13,62,0,44,443,6,69,49,3677056,7,62,github,185.199.111.153
6,0,6,110,172.31.75.40,46092,14,64,0,40,443,6,70,50,3778815,8,64,github,185.199.111.153
7,0,7,107,172.31.75.40,46100,14,62,0,38,443,7,69,48,3898780,7,62,github,185.199.111.153
7,0,6,104,172.31.75.40,46114,14,63,0,34,443,6,70,49,4010259,8,63,github,185.199.111.153
8,0,6,106,172.31.75.40,46126,14,61,0,37,443,6,69,47,3943957,8,61,github,185.199.111.153
7,0,8,124,172.31.75.40,46128,16,65,0,52,443,8,72,49,3368968,8,65,github,185.199.111.153
7,0,6,105,172.31.75.40,46142,11,61,0,37,443,6,68,50,3953193,5,61,github,185.199.111.153
7,0,6,106,172.31.75.40,46144,14,61,0,38,443,6,68,47,3942360,8,61,github,185.199.111.153
7,0,7,109,172.31.75.40,46154,15,64,0,38,443,7,71,49,3832643,8,64,github,185.199.111.153
9,0,6,108,172.31.75.40,46160,14,63,0,36,443,6,72,49,3867625,8,63,github,185.199.111.153
7,0,6,124,172.31.75.40,46168,14,63,0,54,443,6,70,49,3371030,8,63,github,185.199.111.153
8,0,6,107,172.31.75.40,46174,13,63,0,36,443,6,71,50,3886222,7,63,github,185.199.111.153
7,0,7,107,172.31.75.40,46188,13,62,0,38,443,7,69,49,3903870,6,62,github,185.199.111.153
6,0,6,102,172.31.75.40,46200,13,61,0,35,443,6,67,48,4097751,7,61,github,185.199.111.153
7,0,7,105,172.31.75.40,46206,14,65,0,33,443,7,72,51,3986734,7,65,github,185.199.111.153
9,0,6,106,172.31.75.40,46220,13,62,0,35,443,6,71,49,3917093,7,62,github,185.199.111.153
8,0,7,105,172.31.75.40,46224,14,63,0,34,443,7,71,49,3985823,7,63,github,185.199.111.153
19,0,6,181,172.31.75.40,44692,24,83,0,79,443,6,102,59,2312270,18,83,netlify,3.72.140.173
230,0,6,395,172.31.75.40,36916,23,82,0,83,443,6,312,59,1059886,17,82,netlify,3.70.101.28
232,0,6,398,172.31.75.40,36918,25,81,0,85,443,6,313,56,1049334,19,81,netlify,3.70.101.28
227,0,8,397,172.31.75.40,36930,27,86,0,84,443,8,313,59,1052047,19,86,netlify,3.70.101.28
18,0,6,184,172.31.75.40,36934,24,84,0,82,443,6,102,60,2266528,18,84,netlify,3.70.101.28
231,0,6,416,172.31.75.40,36940,24,82,0,103,443,6,313,58,1006106,18,82,netlify,3.70.101.28
19,0,7,184,172.31.75.40,36946,25,86,0,79,443,7,105,61,2271274,18,86,netlify,3.70.101.28
229,0,6,394,172.31.75.40,36956,25,83,0,82,443,6,312,58,1062020,19,83,netlify,3.70.101.28
16,0,6,178,172.31.75.40,36968,23,83,0,79,443,6,99,60,2340934,17,82,netlify,3.70.101.28
18,0,7,183,172.31.75.40,36970,25,83,0,82,443,7,101,58,2275867,18,83,netlify,3.70.101.28
18,0,6,181,172.31.75.40,36976,23,81,0,82,443,6,99,58,2303516,17,81,netlify,3.70.101.28
19,0,8,187,172.31.75.40,36978,28,87,0,81,443,8,106,59,2237086,20,87,netlify,3.70.101.28
17,0,7,179,172.31.75.40,36980,24,81,0,81,443,7,98,57,2338266,17,81,netlify,3.70.101.28
19,0,7,186,172.31.75.40,36994,25,84,0,83,443,7,103,59,2240366,18,84,netlify,3.70.101.28
19,0,6,181,172.31.75.40,36996,23,82,0,80,443,6,101,59,2303567,17,82,netlify,3.70.101.28
18,0,6,189,172.31.75.40,37006,25,85,0,86,443,6,103,60,2209506,19,85,netlify,3.70.101.28
18,0,7,189,172.31.75.40,37016,25,87,0,84,443,7,105,62,2209890,18,87,netlify,3.70.101.28
16,0,7,183,172.31.75.40,37032,25,84,0,83,443,7,100,59,2287594,18,84,netlify,3.70.101.28
18,0,8,184,172.31.75.40,37042,28,85,0,81,443,8,103,57,2270166,20,85,netlify,3.70.101.28
18,0,7,203,172.31.75.40,37056,24,84,0,101,443,7,102,60,2053609,17,84,netlify,3.70.101.28
20,0,7,189,172.31.75.40,37062,25,89,0,80,443,7,109,64,2209715,18,89,netlify,3.70.101.28
20,0,7,186,172.31.75.40,37072,26,84,0,82,443,7,104,58,2245702,19,84,netlify,3.70.101.28
18,0,6,179,172.31.75.40,37080,24,80,0,81,443,6,98,56,2333275,18,80,netlify,3.70.101.28
19,0,7,187,172.31.75.40,37096,25,84,0,84,443,7,103,59,2227753,18,84,netlify,3.70.101.28
19,0,5,177,172.31.75.40,37110,23,80,0,78,443,5,99,57,2358659,18,80,netlify,3.70.101.28
19,0,8,182,172.31.75.40,37116,26,83,0,80,443,8,102,57,2294980,18,83,netlify,3.70.101.28
17,0,7,180,172.31.75.40,50990,24,83,0,80,443,7,100,59,2318686,17,83,netlify,3.70.101.28
19,0,5,184,172.31.75.40,50996,22,80,0,85,443,5,99,58,2272557,17,80,netlify,3.70.101.28
19,0,8,182,172.31.75.40,50998,25,82,0,81,443,8,101,57,2298117,17,82,netlify,3.70.101.28
19,0,6,183,172.31.75.40,51004,26,83,0,81,443,6,102,57,2286820,20,83,netlify,3.70.101.28
19,0,7,183,172.31.75.40,51006,25,80,0,84,443,7,99,55,2286907,18,80,netlify,3.70.101.28
20,0,6,184,172.31.75.40,51022,26,84,0,80,443,6,104,58,2268358,20,84,netlify,3.70.101.28
18,0,7,179,172.31.75.40,51026,25,81,0,80,443,7,99,56,2327710,18,81,netlify,3.70.101.28
18,0,7,182,172.31.75.40,51034,24,82,0,82,443,7,100,58,2298445,17,82,netlify,3.70.101.28
19,0,6,179,172.31.75.40,51044,24,80,0,80,443,6,99,56,2329679,18,80,netlify,3.70.101.28
16,0,6,180,172.31.75.40,51056,23,81,0,83,443,6,97,58,2317081,17,81,netlify,3.70.101.28
18,0,7,180,172.31.75.40,51072,24,80,0,82,443,7,98,56,2315377,17,80,netlify,3.70.101.28
18,0,7,190,172.31.75.40,51084,25,91,0,81,443,7,109,66,2199476,18,91,netlify,3.70.101.28
18,0,6,236,172.31.75.40,51100,24,84,0,134,443,6,102,60,1771724,18,84,netlify,3.70.101.28
58,0,42,262,172.31.75.40,51112,59,124,0,80,443,42,182,65,1596481,17,124,netlify,3.70.101.28
17,0,7,203,172.31.75.40,51126,25,102,0,84,443,7,119,77,2060310,18,102,netlify,3.70.101.28
17,0,23,287,172.31.75.40,51136,40,141,0,129,443,23,158,101,1456814,17,141,netlify,3.70.101.28
19,0,6,223,172.31.75.40,51150,25,109,0,95,443,6,128,84,1873881,19,109,netlify,3.70.101.28
19,0,7,201,172.31.75.40,51152,27,86,0,96,443,7,105,59,2074099,20,86,netlify,3.70.101.28
47,0,5,237,172.31.75.40,51168,42,107,0,83,443,5,154,65,1764712,37,107,netlify,3.70.101.28
17,0,12,207,172.31.75.40,51184,30,86,0,104,443,12,103,56,2020438,18,86,netlify,3.70.101.28
48,0,17,224,172.31.75.40,51192,35,93,0,83,443,17,141,58,1867253,18,93,netlify,3.70.101.28
16,0,6,199,172.31.75.40,51202,24,100,0,83,443,6,116,76,2098058,18,99,netlify,3.70.101.28
17,0,6,220,172.31.75.40,51212,23,114,0,89,443,6,131,91,1898033,17,114,netlify,3.70.101.28
20,0,7,218,172.31.75.40,51222,24,113,0,85,443,7,133,89,1915962,17,113,netlify,3.70.101.28
18,0,7,201,172.31.75.40,51234,24,94,0,89,443,7,112,70,2074315,17,94,netlify,3.70.101.28
17,0,7,213,172.31.75.40,51248,26,103,0,93,443,7,120,77,1964990,19,103,netlify,3.70.101.28
19,0,7,226,172.31.75.40,51256,25,83,0,124,443,7,102,58,1848390,18,83,netlify,3.70.101.28
17,0,5,240,172.31.75.40,51268,24,98,0,125,443,5,115,74,1739684,19,98,netlify,3.70.101.28
19,0,6,180,172.31.75.40,51272,24,81,0,80,443,6,100,57,2325796,18,81,netlify,3.70.101.28
18,0,7,180,172.31.75.40,51284,24,83,0,79,443,7,101,59,2314430,17,83,netlify,3.70.101.28
18,0,7,179,172.31.75.40,51300,25,83,0,78,443,7,101,58,2326222,18,83,netlify,3.70.101.28
18,0,7,190,172.31.75.40,51306,26,90,0,82,443,7,108,64,2196372,19,90,netlify,3.70.101.28
19,0,5,178,172.31.75.40,51320,22,79,0,80,443,5,98,57,2341837,17,79,netlify,3.70.101.28
21,0,14,190,172.31.75.40,51326,31,91,0,78,443,14,112,60,2197433,17,91,netlify,3.70.101.28
20,0,5,179,172.31.75.40,51334,23,81,0,78,443,5,101,58,2332547,18,81,netlify,3.70.101.28
17,0,7,188,172.31.75.40,51344,25,85,0,86,443,7,102,60,2226876,18,85,netlify,3.70.101.28
17,0,6,182,172.31.75.40,51348,24,83,0,82,443,6,100,59,2289170,18,83,netlify,3.70.101.28
16,0,7,181,172.31.75.40,51354,24,82,0,83,443,7,98,58,2302364,17,82,netlify,3.70.101.28
17,0,53,227,172.31.75.40,51362,70,131,0,79,443,53,148,61,1841391,17,131,netlify,3.70.101.28
19,0,7,181,172.31.75.40,51370,24,82,0,80,443,7,101,58,2302731,17,82,netlify,3.70.101.28
17,0,6,186,172.31.75.40,51374,25,88,0,81,443,6,105,63,2243319,19,88,netlify,3.70.101.28
20,0,5,185,172.31.75.40,51378,23,84,0,81,443,5,104,61,2253062,18,84,netlify,3.70.101.28
17,0,6,182,172.31.75.40,51392,26,84,0,81,443,6,101,58,2296592,20,84,netlify,3.70.101.28
18,0,6,183,172.31.75.40,53968,26,84,0,81,443,6,102,58,2279287,20,84,netlify,3.70.101.28
19,0,6,182,172.31.75.40,53972,23,83,0,80,443,6,102,60,2296529,17,83,netlify,3.70.101.28
18,0,6,179,172.31.75.40,53988,23,81,0,80,443,6,99,58,2327115,17,81,netlify,3.70.101.28
18,0,7,178,172.31.75.40,53992,24,80,0,80,443,7,98,56,2343489,17,80,netlify,3.70.101.28
17,0,5,182,172.31.75.40,54006,23,82,0,83,443,5,99,59,2293937,18,82,netlify,3.70.101.28
18,0,6,188,172.31.75.40,54022,28,89,0,81,443,6,107,61,2225408,22,89,netlify,3.70.101.28
18,0,6,186,172.31.75.40,54026,25,88,0,80,443,6,106,63,2245822,19,88,netlify,3.70.101.28
18,0,6,184,172.31.75.40,54030,24,84,0,82,443,6,102,60,2268272,18,84,netlify,3.70.101.28
18,0,6,183,172.31.75.40,54042,25,85,0,80,443,6,103,60,2284299,19,85,netlify,3.70.101.28
20,0,7,184,172.31.75.40,54058,23,84,0,80,443,7,104,61,2272890,16,84,netlify,3.70.101.28
20,0,7,185,172.31.75.40,54070,25,85,0,80,443,7,105,60,2253692,18,85,netlify,3.70.101.28
17,0,5,178,172.31.75.40,54076,23,82,0,79,443,5,99,59,2351135,18,82,netlify,3.70.101.28
18,0,7,182,172.31.75.40,54086,24,82,0,82,443,7,100,58,2290473,17,82,netlify,3.70.101.28
18,0,7,183,172.31.75.40,54088,24,84,0,81,443,7,102,60,2287094,17,84,netlify,3.70.101.28
20,0,6,206,172.31.75.40,54092,24,80,0,106,443,6,100,56,2024855,18,80,netlify,3.70.101.28
20,0,6,185,172.31.75.40,45588,24,83,0,82,443,6,103,59,2257667,18,83,netlify,3.72.140.173
21,0,6,186,172.31.75.40,45600,24,83,0,82,443,6,104,59,2239179,18,83,netlify,3.72.140.173
19,0,8,185,172.31.75.40,45616,23,83,0,83,443,8,102,60,2251559,15,83,netlify,3.72.140.173
18,0,6,180,172.31.75.40,45622,24,82,0,80,443,6,100,58,2318891,18,82,netlify,3.72.140.173
18,0,8,180,172.31.75.40,45638,25,83,0,79,443,8,101,58,2325796,17,83,netlify,3.72.140.173
25,0,7,186,172.31.75.40,45648,25,82,0,79,443,7,107,57,2239347,18,82,netlify,3.72.140.173
18,0,6,178,172.31.75.40,45658,23,81,0,79,443,6,99,58,2345156,17,81,netlify,3.72.140.173
17,0,7,179,172.31.75.40,45662,25,81,0,81,443,7,98,56,2331248,18,81,netlify,3.72.140.173
19,0,8,179,172.31.75.40,45670,24,82,0,78,443,8,101,58,2333002,16,82,netlify,3.72.140.173
18,0,8,1211,172.31.75.40,45672,1051,1111,0,82,443,8,1129,60,345494,1043,1110,netlify,3.72.140.173
20,0,7,187,172.31.75.40,45674,25,86,0,81,443,7,106,61,2228097,18,86,netlify,3.72.140.173
19,0,6,182,172.31.75.40,45686,25,82,0,81,443,6,101,57,2299708,19,82,netlify,3.72.140.173
17,0,5,179,172.31.75.40,45694,23,81,0,81,443,5,98,58,2333392,18,81,netlify,3.72.140.173
19,0,8,180,172.31.75.40,45704,25,82,0,79,443,8,101,57,2316043,17,82,netlify,3.72.140.173
18,0,7,182,172.31.75.40,45706,25,83,0,81,443,7,101,58,2299986,18,83,netlify,3.72.140.173
18,0,6,180,172.31.75.40,45722,24,82,0,80,443,6,100,58,2316325,18,81,netlify,3.72.140.173
19,0,8,187,172.31.75.40,45738,27,84,0,84,443,8,103,57,2236715,19,84,netlify,3.72.140.173
17,0,6,180,172.31.75.40,45750,22,81,0,82,443,6,98,59,2319122,16,80,netlify,3.72.140.173
17,0,7,176,172.31.75.40,45764,24,79,0,80,443,7,96,55,2369204,17,79,netlify,3.72.140.173
21,0,7,185,172.31.75.40,45766,24,83,0,81,443,7,104,59,2259128,17,83,netlify,3.72.140.173
20,0,5,180,172.31.75.40,45772,23,80,0,80,443,5,100,57,2324905,18,80,netlify,3.72.140.173
24,0,6,187,172.31.75.40,45780,25,82,0,81,443,6,106,57,2233183,19,82,netlify,3.72.140.173
21,0,7,185,172.31.75.40,45790,24,82,0,82,443,7,103,58,2259763,17,82,netlify,3.72.140.173
17,0,11,185,172.31.75.40,45806,28,87,0,81,443,11,104,59,2253292,17,87,netlify,3.72.140.173
17,0,6,179,172.31.75.40,45822,23,82,0,80,443,6,99,59,2328241,17,82,netlify,3.72.140.173
18,0,6,181,172.31.75.40,45832,23,81,0,82,443,6,99,58,2306143,17,81,netlify,3.72.140.173
18,0,6,181,172.31.75.40,33890,24,81,0,82,443,6,99,57,2302326,18,81,netlify,3.72.140.173
18,0,7,177,172.31.75.40,33902,23,81,0,78,443,7,99,58,2358938,16,81,netlify,3.72.140.173
19,0,7,181,172.31.75.40,33918,24,82,0,80,443,7,101,58,2306753,17,82,netlify,3.72.140.173
17,0,8,181,172.31.75.40,33924,25,83,0,81,443,8,100,58,2302148,17,83,netlify,3.72.140.173
18,0,7,180,172.31.75.40,33934,25,81,0,81,443,7,99,56,2315595,18,81,netlify,3.72.140.173
20,0,6,181,172.31.75.40,33950,23,82,0,79,443,6,102,59,2302110,17,82,netlify,3.72.140.173
17,0,7,183,172.31.75.40,33952,24,83,0,83,443,7,100,59,2286670,17,83,netlify,3.72.140.173
28,0,6,190,172.31.75.40,33954,24,81,0,81,443,6,109,57,2197537,18,81,netlify,3.72.140.173
18,0,7,185,172.31.75.40,33970,24,84,0,83,443,7,102,60,2262694,17,84,netlify,3.72.140.173
18,0,6,178,172.31.75.40,33980,24,82,0,78,443,6,100,58,2340659,18,82,netlify,3.72.140.173
20,0,6,183,172.31.75.40,33990,23,83,0,80,443,6,103,60,2286283,17,83,netlify,3.72.140.173
28,0,6,191,172.31.75.40,34004,25,82,0,81,443,6,110,57,2182563,19,82,netlify,3.72.140.173
18,0,7,187,172.31.75.40,34014,27,89,0,80,443,7,107,62,2228358,20,89,netlify,3.72.140.173
18,0,6,184,172.31.75.40,34024,24,84,0,82,443,6,102,60,2272063,18,84,netlify,3.72.140.173
18,0,7,179,172.31.75.40,34028,25,83,0,78,443,7,101,58,2328500,18,83,netlify,3.72.140.173
18,0,5,187,172.31.75.40,34040,23,83,0,86,443,5,101,60,2232124,18,83,netlify,3.72.140.173
17,0,5,183,172.31.75.40,34048,22,83,0,83,443,5,100,61,2287282,17,83,netlify,3.72.140.173
18,0,6,183,172.31.75.40,34054,23,83,0,82,443,6,101,60,2281486,17,83,netlify,3.72.140.173
21,0,6,187,172.31.75.40,34070,25,84,0,82,443,6,105,59,2233875,19,84,netlify,3.72.140.173
18,0,6,178,172.31.75.40,34074,24,80,0,80,443,6,98,56,2349328,18,80,netlify,3.72.140.173
20,0,7,179,172.31.75.40,34088,24,81,0,78,443,7,101,57,2338763,17,81,netlify,3.72.140.173
28,0,7,196,172.31.75.40,34094,26,86,0,82,443,7,114,60,2130397,19,86,netlify,3.72.140.173
21,0,7,184,172.31.75.40,34100,24,82,0,81,443,7,103,58,2268309,17,82,netlify,3.72.140.173
17,0,7,184,172.31.75.40,34106,24,83,0,84,443,7,100,59,2263954,17,83,netlify,3.72.140.173
17,0,6,183,172.31.75.40,34108,22,85,0,81,443,6,102,63,2281635,16,85,netlify,3.72.140.173
18,0,6,178,172.31.75.40,34114,23,81,0,79,443,6,99,58,2343384,17,81,netlify,3.72.140.173
19,0,7,183,172.31.75.40,34126,24,84,0,80,443,7,103,60,2276313,17,83,netlify,3.72.140.173
19,0,7,187,172.31.75.40,34142,24,87,0,81,443,7,106,63,2229212,17,87,netlify,3.72.140.173
19,0,7,185,172.31.75.40,34154,25,84,0,82,443,7,103,59,2259421,18,84,netlify,3.72.140.173
19,0,6,184,172.31.75.40,34166,25,84,0,81,443,6,103,59,2267829,19,84,netlify,3.72.140.173
18,0,6,175,172.31.75.40,34178,23,79,0,78,443,6,97,56,2380479,17,79,netlify,3.72.140.173
18,0,6,181,172.31.75.40,34180,24,82,0,81,443,6,100,58,2309234,18,82,netlify,3.72.140.173
18,0,7,184,172.31.75.40,34196,24,84,0,82,443,7,102,60,2270141,17,84,netlify,3.72.140.173
18,0,7,183,172.31.75.40,34202,25,83,0,82,443,7,101,58,2283975,18,83,netlify,3.72.140.173
18,0,7,276,172.31.75.40,34210,24,82,0,176,443,7,100,58,1512924,17,82,netlify,3.72.140.173
18,0,6,179,172.31.75.40,34226,23,81,0,80,443,6,99,58,2331080,17,81,netlify,3.72.140.173
18,0,7,181,172.31.75.40,34240,24,83,0,80,443,7,101,59,2312972,17,83,netlify,3.72.140.173
19,0,7,182,172.31.75.40,34248,24,83,0,80,443,7,102,59,2289546,17,83,netlify,3.72.140.173
20,0,7,178,172.31.75.40,34260,24,82,0,76,443,7,102,58,2345826,17,82,netlify,3.72.140.173
19,0,6,183,172.31.75.40,34272,23,82,0,82,443,6,101,59,2281237,17,82,netlify,3.72.140.173
18,0,7,183,172.31.75.40,34284,25,84,0,81,443,7,102,59,2281511,18,84,netlify,3.72.140.173
25,0,7,189,172.31.75.40,34298,24,84,0,80,443,7,109,60,2213747,17,84,netlify,3.72.140.173
51,0,6,260,172.31.75.40,34310,66,124,0,85,443,6,175,58,1606115,60,124,netlify,3.72.140.173
56,0,6,220,172.31.75.40,34326,23,82,0,82,443,6,138,59,1902639,17,82,netlify,3.72.140.173
23,0,5,186,172.31.75.40,36066,23,81,0,82,443,5,104,58,2240845,18,81,netlify,3.72.140.173
24,0,5,188,172.31.75.40,36080,23,82,0,82,443,5,106,59,2215246,18,82,netlify,3.72.140.173
18,0,5,178,172.31.75.40,36090,21,79,0,81,443,5,97,58,2348247,16,79,netlify,3.72.140.173
18,0,7,181,172.31.75.40,36098,24,82,0,81,443,7,100,58,2311899,17,81,netlify,3.72.140.173
17,0,6,181,172.31.75.40,36104,24,82,0,82,443,6,99,58,2307681,18,82,netlify,3.72.140.173
18,0,6,181,172.31.75.40,36106,25,83,0,80,443,6,101,58,2304226,19,83,netlify,3.72.140.173
18,0,7,184,172.31.75.40,36110,24,84,0,82,443,7,102,60,2264101,17,84,netlify,3.72.140.173
19,0,6,181,172.31.75.40,36114,24,81,0,81,443,6,100,57,2309846,18,81,netlify,3.72.140.173
22,0,7,185,172.31.75.40,36122,24,83,0,80,443,7,105,59,2258446,17,83,netlify,3.72.140.173
21,0,6,186,172.31.75.40,36124,23,84,0,81,443,6,105,61,2248294,17,84,netlify,3.72.140.173
18,0,7,183,172.31.75.40,36136,24,82,0,83,443,7,100,58,2285746,17,82,netlify,3.72.140.173
18,0,6,182,172.31.75.40,36138,24,81,0,83,443,6,99,57,2293045,18,81,netlify,3.72.140.173
18,0,6,179,172.31.75.40,36142,23,81,0,80,443,6,99,58,2329731,17,81,netlify,3.72.140.173
19,0,7,186,172.31.75.40,36146,24,85,0,82,443,7,104,61,2249865,17,85,netlify,3.72.140.173
17,0,6,180,172.31.75.40,36154,23,82,0,81,443,6,99,59,2318788,17,82,netlify,3.72.140.173
17,0,7,178,172.31.75.40,36158,22,79,0,82,443,7,96,57,2339416,15,79,netlify,3.72.140.173
238,0,7,405,172.31.75.40,47482,24,81,0,86,443,7,319,57,1032785,17,81,netlify,18.192.231.252
17,0,7,178,172.31.75.40,47490,24,81,0,80,443,7,98,57,2343856,17,81,netlify,18.192.231.252
258,0,7,423,172.31.75.40,47502,24,83,0,82,443,7,341,59,989709,17,82,netlify,18.192.231.252
18,0,10,184,172.31.75.40,47510,28,86,0,80,443,10,104,58,2269145,18,86,netlify,18.192.231.252
18,0,6,186,172.31.75.40,47526,23,83,0,85,443,6,101,60,2239084,17,83,netlify,18.192.231.252
19,0,6,186,172.31.75.40,47534,24,82,0,85,443,6,101,58,2250385,18,82,netlify,18.192.231.252
19,0,8,179,172.31.75.40,47542,25,81,0,79,443,8,100,56,2334511,17,81,netlify,18.192.231.252
231,0,6,400,172.31.75.40,47548,24,83,0,86,443,6,314,59,1045793,18,83,netlify,18.192.231.252
22,0,7,185,172.31.75.40,47550,25,83,0,80,443,7,105,58,2262021,18,83,netlify,18.192.231.252
17,0,7,182,172.31.75.40,47552,24,83,0,82,443,7,100,59,2293032,17,83,netlify,18.192.231.252
17,0,7,183,172.31.75.40,47554,24,83,0,83,443,7,100,59,2281473,17,83,netlify,18.192.231.252
18,0,7,183,172.31.75.40,47564,25,83,0,82,443,7,101,58,2281337,18,82,netlify,18.192.231.252
18,0,6,179,172.31.75.40,47566,23,83,0,78,443,6,101,60,2326300,17,83,netlify,18.192.231.252
18,0,7,185,172.31.75.40,47582,25,85,0,82,443,7,103,60,2254372,18,85,netlify,18.192.231.252
18,0,6,184,172.31.75.40,47584,23,83,0,83,443,6,101,60,2269870,17,83,netlify,18.192.231.252
16,0,10,186,172.31.75.40,47594,28,87,0,83,443,10,103,59,2247184,18,87,netlify,18.192.231.252
18,0,6,178,172.31.75.40,47596,23,81,0,79,443,6,99,58,2349394,17,81,netlify,18.192.231.252
18,0,6,181,172.31.75.40,47608,23,83,0,80,443,6,101,60,2309119,17,83,netlify,18.192.231.252
18,0,7,181,172.31.75.40,47610,24,82,0,81,443,7,100,58,2308865,17,82,netlify,18.192.231.252
18,0,5,180,172.31.75.40,47620,23,81,0,81,443,5,99,58,2324892,18,81,netlify,18.192.231.252
18,0,6,182,172.31.75.40,47636,24,83,0,81,443,6,101,59,2288607,18,83,netlify,18.192.231.252
16,0,7,179,172.31.75.40,47652,24,82,0,81,443,7,98,58,2326106,17,82,netlify,18.192.231.252
19,0,7,179,172.31.75.40,47662,24,82,0,78,443,7,101,58,2331145,17,82,netlify,18.192.231.252
18,0,8,1248,172.31.75.40,47670,1089,1145,0,85,443,8,1163,56,335315,1081,1145,netlify,18.192.231.252
22,0,7,184,172.31.75.40,39738,24,81,0,81,443,7,103,57,2271250,17,81,netlify,18.192.231.252
19,0,6,180,172.31.75.40,39740,23,81,0,80,443,6,100,58,2319508,17,81,netlify,18.192.231.252
19,0,7,182,172.31.75.40,39744,26,83,0,80,443,7,102,57,2293019,19,83,netlify,18.192.231.252
29,0,6,192,172.31.75.40,39756,23,80,0,83,443,6,109,57,2179359,17,80,netlify,18.192.231.252
17,0,6,177,172.31.75.40,39772,23,80,0,80,443,6,97,57,2361400,17,80,netlify,18.192.231.252
21,0,5017,5198,172.31.75.40,39784,5035,5096,0,81,443,5017,5117,61,80536,18,5095,netlify,18.192.231.252
